SoundName,Database_Name,Sex_Voice,Emotion_Label,Begin,End,Duration,PeakTime,Amp(dB),PeakAmp,MinF0,MaxF0,MeanF0,StDevF0,Jitter,Shimmer,MaxHNR,MeanHNR,StDevHNR
andre01AnnaN_Norm,Anna_Andre,male,neutral,0,0.7799,0.7799,0.318,58.4,75.8,75.3,99.6,85.0,6.15,0.005902351,1.534172192,26.27,4.8,2.91
andre03AnnaW_Norm,Anna_Andre,male,angry,0,0.8513,0.8513,0.466,51.2,76.3,190.9,254.3,234.3,18.7,0.000501592,1.183032832,24.72,1.35,5.72
andre04AnnaA_Norm,Anna_Andre,male,fear,0,0.5971,0.5971,0.325,59.3,75.1,109.1,184.2,153.3,24.68,0.002341748,1.287565895,18.89,6.65,5.04
andre07AnnaF_Norm,Anna_Andre,male,happy,0,0.6985,0.6985,0.202,62.0,77.4,90.4,251.3,171.3,59.49,0.001572239,1.002542537,25.0,0.46,5.65
bea01AnnaN_Norm,Anna_Bea,female,neutral,0,0.8713,0.8713,0.339,51.8,75.6,127.2,185.3,161.5,18.05,0.001128488,0.705500349,25.73,10.73,4.47
bea03AnnaW_Norm,Anna_Bea,female,angry,0,0.7471,0.7471,0.169,60.4,77.8,296.0,515.0,414.1,77.75,0.000562849,1.78963173,26.71,-0.46,2.2
bea04AnnaA_Norm,Anna_Bea,female,fear,0,0.839,0.839,0.408,51.9,75.9,167.9,252.8,211.2,27.01,0.00103282,1.365093105,21.94,8.98,5.46
bea07AnnaF_Norm,Anna_Bea,female,happy,0,0.9967,0.9967,0.465,60.2,78.2,136.5,329.6,227.7,71.91,0.001774344,1.169741258,25.74,5.07,3.48
claud01AnnaN_Norm,Anna_Claud,female,neutral,0,0.5276,0.5276,0.169,63.2,76.2,124.4,162.4,143.2,14.57,0.001251831,1.549993367,9.2,4.16,2.42
claud03AnnaW_Norm,Anna_Claud,female,angry,0,1.0172,1.0172,0.526,44.9,76.8,141.1,339.0,231.9,70.8,0.000692915,0.781346804,26.28,0.28,4.53
claud04AnnaA_Norm,Anna_Claud,female,fear,0,0.8816,0.8816,0.427,62.3,76.1,138.5,165.5,153.8,7.31,0.000994464,0.61815212,24.84,13.0,5.91
claud07AnnaF_Norm,Anna_Claud,female,happy,0,1.2937,1.2937,0.205,60.0,76.9,173.0,408.5,292.1,73.93,0.000232805,0.976067027,40.0,4.97,4.05
ellen01AnnaN_Norm,Anna_Ellen,female,neutral,0,0.9451,0.9451,0.276,61.0,84.6,147.5,204.2,167.5,18.24,0.000917683,0.75463159,27.36,11.84,4.21
ellen03AnnaW_Norm,Anna_Ellen,female,angry,0,0.6857,0.6857,0.384,58.9,75.8,264.5,391.4,335.3,43.22,0.000404572,1.129067575,12.95,3.77,4.64
ellen04AnnaA_Norm,Anna_Ellen,female,fear,0,1.1305,1.1305,0.639,51.8,76.5,327.9,466.4,426.8,42.38,9.77e-05,0.729052349,41.95,13.4,8.98
ellen07AnnaF_Norm,Anna_Ellen,female,happy,0,1.0498,1.0498,0.297,59.4,79.6,175.5,438.8,338.9,81.54,0.000289732,1.357547907,26.2,5.43,5.15
frank01AnnaN_Norm,Anna_Frank,male,neutral,0,0.7232,0.7232,0.223,51.6,76.7,78.4,102.2,89.3,8.93,0.002231122,1.370393322,23.24,2.69,2.92
frank03AnnaW_Norm,Anna_Frank,male,angry,0,1.223,1.223,0.478,40.1,78.5,123.0,341.2,282.5,74.94,0.000613275,1.12909193,26.36,0.37,5.85
frank04AnnaA_Norm,Anna_Frank,male,fear,0,0.7895,0.7895,0.441,56.1,76.4,100.8,149.6,115.4,16.21,0.002620157,1.008513608,14.85,4.58,3.8
frank07AnnaF_Norm,Anna_Frank,male,happy,0,0.758,0.758,0.309,49.7,77.2,83.1,250.7,193.4,57.58,0.001659032,0.879936816,24.02,0.37,5.7
gabi01AnnaN_Norm,Anna_Gabi,female,neutral,0,0.3281,0.3281,0.087,71.0,74.9,125.0,173.9,156.5,14.42,0.001415191,1.287566432,12.16,4.87,4.28
gabi03AnnaW_Norm,Anna_Gabi,female,angry,0,0.7527,0.7527,0.217,57.5,76.2,182.7,383.2,312.0,61.72,0.000507699,0.863915045,31.93,2.93,5.26
gabi04AnnaA_Norm,Anna_Gabi,female,fear,0,0.7486,0.7486,0.353,52.5,76.0,201.2,436.7,333.6,71.48,0.000461264,1.179785613,28.26,3.04,3.61
gabi07AnnaF_Norm,Anna_Gabi,female,happy,0,0.7746,0.7746,0.298,51.2,76.7,149.6,443.9,316.1,99.36,0.000954024,1.203095338,26.53,-0.62,5.3
hans01AnnaN_Norm,Anna_Hans,male,neutral,0,0.7221,0.7221,0.205,59.3,76.7,87.4,130.6,110.7,12.75,0.002411919,1.110094189,12.99,3.17,3.16
hans03AnnaW_Norm,Anna_Hans,male,angry,0,0.9549,0.9549,0.264,47.3,77.3,199.4,353.4,270.5,49.32,0.000708334,0.968040517,2.8,-0.54,1.64
hans04AnnaA_Norm,Anna_Hans,male,fear,0,0.9872,0.9872,0.44,61.1,75.1,116.7,146.2,135.9,7.05,0.00150057,0.614640333,23.89,12.43,5.36
hans07AnnaF_Norm,Anna_Hans,male,happy,0,0.9854,0.9854,0.342,47.3,76.7,168.1,358.4,266.3,69.09,0.00068951,1.279245648,27.03,1.88,4.19
henrik01AnnaN_Norm,Anna_Henrik,male,neutral,0,0.493,0.493,0.122,59.0,75.5,101.0,128.1,112.5,8.71,0.00187481,1.389848203,21.69,2.62,3.63
henrik03AnnaW_Norm,Anna_Henrik,male,angry,0,1.2099,1.2099,0.537,46.0,77.2,173.9,298.0,246.7,38.02,0.000667449,1.319477445,24.93,0.07,3.92
henrik04AnnaA_Norm,Anna_Henrik,male,fear,0,0.7652,0.7652,0.18,62.7,77.8,126.3,179.3,153.4,17.23,0.001344149,1.126309588,26.23,5.34,4.79
henrik07AnnaF_Norm,Anna_Henrik,male,happy,0,1.5327,1.5327,0.727,54.7,76.0,106.4,248.9,182.3,46.3,0.000725913,1.108702198,25.75,0.96,3.65
lutz01AnnaN_Norm,Anna_Lutz,male,neutral,0,0.7598,0.7598,0.274,53.3,76.5,80.9,113.5,98.8,10.83,0.003920795,0.664153395,26.37,3.29,3.04
lutz03AnnaW_Norm,Anna_Lutz,male,angry,0,1.2027,1.2027,0.501,47.6,76.8,82.8,412.2,325.8,118.76,0.000585914,1.309813991,26.98,0.62,3.11
lutz04AnnaA_Norm,Anna_Lutz,male,fear,0,0.6647,0.6647,0.263,56.2,74.4,114.0,133.6,123.4,6.76,0.002098389,0.681774515,18.56,7.18,7.31
lutz07AnnaF_Norm,Anna_Lutz,male,happy,0,1.0255,1.0255,0.183,61.3,75.8,105.1,363.2,241.5,82.48,0.000614764,1.027728511,27.99,3.24,5.82
maria01AnnaN_Norm,Anna_Maria,female,neutral,0,0.4362,0.4362,0.089,63.4,75.7,150.5,195.6,177.5,15.1,0.001293,1.521784989,14.08,7.42,4.06
maria03AnnaW_Norm,Anna_Maria,female,angry,0,1.1112,1.1112,0.531,50.6,76.4,203.7,402.6,309.6,64.84,0.000951242,0.927404573,31.48,4.47,3.62
maria04AnnaA_Norm,Anna_Maria,female,fear,0,1.1084,1.1084,0.441,57.9,76.8,254.7,361.8,301.3,34.26,0.00068133,1.025022961,21.67,4.61,6.22
maria07AnnaF_Norm,Anna_Maria,female,happy,0,1.1691,1.1691,0.261,57.8,76.4,203.3,456.3,338.1,69.03,0.000238189,1.034398371,30.97,6.34,4.35
math01AnnaN_Norm,Anna_Math,male,neutral,0,0.6429,0.6429,0.216,53.4,76.4,79.1,90.5,85.1,4.09,0.004560062,0.993054337,24.75,2.69,3.26
math03AnnaW_Norm,Anna_Math,male,angry,0,0.7892,0.7892,0.32,46.3,77.3,213.5,296.8,267.5,25.57,0.000910189,1.206996117,24.66,0.17,4.55
math04AnnaA_Norm,Anna_Math,male,fear,0,0.4826,0.4826,0.265,65.6,75.3,77.1,469.2,168.0,142.54,0.005842332,1.761233555,11.59,4.36,3.37
math07AnnaF_Norm,Anna_Math,male,happy,0,0.8366,0.8366,0.319,51.2,76.8,155.4,290.6,231.6,41.39,0.001196413,1.309766057,26.74,0.86,5.23
miriam01AnnaN_Norm,Anna_Miriam,female,neutral,0,0.6401,0.6401,0.111,58.3,75.7,159.5,191.4,175.3,9.81,0.000662366,1.264972009,19.51,11.44,3.76
miriam03AnnaW_Norm,Anna_Miriam,female,angry,0,1.6944,1.6944,0.942,48.8,76.4,371.7,506.2,454.7,37.05,0.000186484,0.697392944,19.76,6.15,5.34
miriam04AnnaA_Norm,Anna_Miriam,female,fear,0,0.616,0.616,0.187,60.0,75.3,180.2,293.3,219.2,38.6,0.00062574,0.808731653,22.33,11.12,4.86
miriam07AnnaF_Norm,Anna_Miriam,female,happy,0,0.9605,0.9605,0.624,59.0,77.2,281.3,567.7,456.6,58.58,0.000793272,1.072956352,22.06,4.59,3.35
nena01AnnaN_Norm,Anna_Nena,female,neutral,0,0.5853,0.5853,0.16,55.8,75.8,147.0,186.0,166.3,14.78,0.001050263,0.801289239,35.16,9.0,3.36
nena03AnnaW_Norm,Anna_Nena,female,angry,0,0.8571,0.8571,0.231,50.8,76.7,226.7,410.4,346.0,49.16,0.000409821,0.699769305,26.73,3.72,4.42
nena04AnnaA_Norm,Anna_Nena,female,fear,0,0.6158,0.6158,0.236,59.5,75.5,169.0,485.8,278.8,87.38,0.002409422,1.120869464,28.89,5.42,4.7
nena07AnnaF_Norm,Anna_Nena,female,happy,0,1.6771,1.6771,0.917,49.7,76.4,215.2,388.5,315.9,46.02,0.000409438,0.812864509,29.76,6.77,5.16
ole01AnnaN_Norm,Anna_Ole,male,neutral,0,0.4745,0.4745,0.15,61.6,74.4,98.8,129.5,116.9,9.78,0.005842636,1.515655202,28.78,5.13,4.53
ole03AnnaW_Norm,Anna_Ole,male,angry,0,0.9075,0.9075,0.391,50.2,76.4,121.7,259.8,220.9,44.44,0.000869675,0.807014339,28.52,3.63,6.65
ole04AnnaA_Norm,Anna_Ole,male,fear,0,0.744,0.744,0.394,53.0,75.9,123.1,166.8,141.1,13.81,0.001742644,1.062314617,38.4,7.48,4.37
ole07AnnaF_Norm,Anna_Ole,male,happy,0,2.124,2.124,0.96,46.3,77.6,102.3,280.9,229.8,50.82,0.000598002,0.728910214,28.81,10.19,7.07
patri01AnnaN_Norm,Anna_Patri,female,neutral,0,0.5121,0.5121,0.086,59.2,76.0,146.2,188.0,167.2,16.5,0.000914323,1.047855296,15.76,8.1,4.23
patri03AnnaW_Norm,Anna_Patri,female,angry,0,0.8345,0.8345,0.268,55.2,76.3,186.4,363.7,263.8,49.39,0.000673518,0.935407982,31.61,5.7,4.29
patri04AnnaA_Norm,Anna_Patri,female,fear,0,0.4759,0.4759,0.216,67.4,75.0,172.5,288.4,219.8,40.64,0.00103718,1.26689606,25.34,8.17,3.7
patri07AnnaF_Norm,Anna_Patri,female,happy,0,1.0383,1.0383,0.136,51.6,76.7,204.2,496.8,362.7,99.31,0.000287037,0.785007956,28.72,4.36,6.62
peter01AnnaN_Norm,Anna_Peter,male,neutral,0,0.4207,0.4207,0.182,67.7,75.0,79.2,379.7,133.6,99.38,0.004134355,1.76018645,24.1,2.48,3.81
peter03AnnaW_Norm,Anna_Peter,male,angry,0,1.0339,1.0339,0.293,54.8,77.5,195.7,278.7,241.3,24.73,0.000393755,0.994357688,20.33,3.64,6.17
peter04AnnaA_Norm,Anna_Peter,male,fear,0,1.0341,1.0341,0.551,51.3,76.7,201.8,297.3,255.1,26.16,0.000598443,1.286274666,13.51,5.51,4.08
peter07AnnaF_Norm,Anna_Peter,male,happy,0,1.1909,1.1909,0.168,59.8,75.8,96.9,221.1,152.7,35.58,0.001344017,1.193261939,24.56,3.21,4.93
regina01AnnaN_Norm,Anna_Regina,female,neutral,0,0.6206,0.6206,0.252,58.6,73.7,177.8,562.0,204.6,61.97,0.001076789,0.960026156,22.98,11.59,6.1
regina03AnnaW_Norm,Anna_Regina,female,angry,0,0.8878,0.8878,0.25,56.1,78.2,207.4,455.9,344.4,81.15,0.000665448,1.402592991,29.98,0.74,3.31
regina04AnnaA_Norm,Anna_Regina,female,fear,0,1.0929,1.0929,0.508,52.1,76.3,351.6,417.4,394.5,16.74,0.000177435,0.955144515,25.85,11.82,6.16
regina07AnnaF_Norm,Anna_Regina,female,happy,0,0.9739,0.9739,0.251,54.0,76.0,220.5,486.1,336.2,86.36,0.00042229,1.423260086,28.63,5.03,3.62
saskia01AnnaN_Norm,Anna_Saskia,female,neutral,0,0.6071,0.6071,0.122,54.1,75.7,137.4,196.2,163.9,18.53,0.001340034,0.926926516,13.4,10.15,3.01
saskia03AnnaW_Norm,Anna_Saskia,female,angry,0,1.1156,1.1156,0.527,48.9,76.8,79.3,407.0,316.1,117.58,0.004000399,0.952715705,15.7,5.96,4.06
saskia04AnnaA_Norm,Anna_Saskia,female,fear,0,0.7469,0.7469,0.284,59.3,75.7,185.4,268.5,216.4,30.81,0.000518492,0.610281899,24.97,12.14,6.14
saskia07AnnaF_Norm,Anna_Saskia,female,happy,0,1.1233,1.1233,0.58,54.4,76.0,207.4,391.9,329.1,49.94,0.000219413,0.924062917,22.06,8.62,7.91
stef01AnnaN_Norm,Anna_Stef,female,neutral,0,0.511,0.511,0.103,58.5,75.0,124.2,185.3,163.6,20.28,0.000969345,0.89199152,25.32,4.69,4.97
stef03AnnaW_Norm,Anna_Stef,female,angry,0,0.9377,0.9377,0.217,53.6,76.8,229.2,516.2,353.9,98.63,0.00086361,1.584227555,28.47,1.02,2.85
stef04AnnaA_Norm,Anna_Stef,female,fear,0,0.7739,0.7739,0.222,63.5,81.1,159.5,198.0,180.5,11.93,0.001162719,1.033811795,26.8,11.96,6.02
stef07AnnaF_Norm,Anna_Stef,female,happy,0,0.8869,0.8869,0.176,63.4,75.7,215.8,398.6,328.3,49.54,0.00022131,0.783942207,36.12,4.52,4.92
thom01AnnaN_Norm,Anna_Thom,male,neutral,0,0.5117,0.5117,0.112,59.4,75.0,75.2,107.2,87.2,8.95,0.006274392,1.199053821,8.79,5.43,2.63
thom03AnnaW_Norm,Anna_Thom,male,angry,0,1.2902,1.2902,0.298,46.0,78.0,158.5,288.9,238.9,35.53,0.000517099,1.08916352,24.44,3.07,3.98
thom04AnnaA_Norm,Anna_Thom,male,fear,0,1.4003,1.4003,0.74,55.4,75.7,252.5,395.9,352.2,41.77,0.000289774,0.974333904,33.71,9.82,8.56
thom07AnnaF_Norm,Anna_Thom,male,happy,0,0.6811,0.6811,0.16,56.6,77.4,74.9,85.6,79.1,2.75,0.005368941,1.172595268,24.25,4.91,4.47
tobias01AnnaN_Norm,Anna_Tobias,male,neutral,0,0.592,0.592,0.154,58.4,75.7,82.3,136.0,109.0,11.18,0.004605244,0.671118809,25.91,9.12,5.51
tobias03AnnaW_Norm,Anna_Tobias,male,angry,0,1.0454,1.0454,0.541,46.8,76.8,305.0,396.0,366.5,22.87,0.000293382,0.52339652,26.14,1.73,3.76
tobias04AnnaA_Norm,Anna_Tobias,male,fear,0,0.9878,0.9878,0.473,48.7,76.8,122.3,134.9,127.7,3.7,0.002034356,1.543730901,22.78,4.74,6.1
tobias07AnnaF_Norm,Anna_Tobias,male,happy,0,1.1458,1.1458,0.489,46.1,77.4,94.3,219.1,146.6,34.53,0.004852867,1.051406305,11.14,0.86,4.44
ute01AnnaN_Norm,Anna_Ute,female,neutral,0,0.802,0.802,0.198,56.2,77.5,143.0,172.7,156.1,11.04,0.000635678,0.93240792,12.14,7.68,3.59
ute03AnnaW_Norm,Anna_Ute,female,angry,0,1.0839,1.0839,0.479,54.8,76.4,222.9,413.9,337.4,54.22,0.000266025,1.236087566,29.6,5.5,4.18
ute04AnnaA_Norm,Anna_Ute,female,fear,0,1.051,1.051,0.36,49.1,75.2,201.5,305.9,234.8,36.21,0.000572587,0.773527327,38.98,11.21,6.52
ute07AnnaF_Norm,Anna_Ute,female,happy,0,1.3077,1.3077,0.292,60.8,76.6,247.8,352.7,294.8,38.39,0.000163442,0.6779577,28.01,14.81,5.73
F_blorag_A_WasepPseudo_Norm,WASEP_PseudoBlorag,female,fear,0,1.2249,1.2249,0.597,62.2,76.2,269.5,570.2,315.1,44.02,0.000374814,0.583610684,29.88,11.49,6.89
F_blorag_E_WasepPseudo_Norm,WASEP_PseudoBlorag,female,disgust,0,1.3312,1.3312,0.312,56.4,76.7,141.9,286.3,205.6,40.95,0.000718459,0.819595527,36.55,7.25,4.96
F_blorag_F_WasepPseudo_Norm,WASEP_PseudoBlorag,female,happy,0,0.8239,0.8239,0.167,63.8,78.1,104.6,316.5,190.1,70.73,0.003117696,0.940280489,25.4,3.87,4.81
F_blorag_T_WasepPseudo_Norm,WASEP_PseudoBlorag,female,sad,0,1.6196,1.6196,0.176,58.9,75.8,102.0,614.2,188.9,143.96,0.001470062,1.016473701,31.45,8.47,5.76
F_blorag_W_WasepPseudo_Norm,WASEP_PseudoBlorag,female,angry,0,1.4106,1.4106,0.155,60.6,80.2,188.7,392.2,325.6,41.85,0.000381914,1.00138629,32.59,6.94,4.9
F_blorag_s_WasepPseudo_Norm,WASEP_PseudoBlorag,female,neutral,0,0.9121,0.9121,0.208,53.7,77.5,109.9,263.1,184.0,50.78,0.001192672,0.80660407,13.81,5.21,4.16
F_emwug_A_WasepPseudo_Norm,WASEP_PseudoEmwug,female,fear,0,1.0623,1.0623,0.155,55.6,76.1,337.6,401.6,369.9,17.25,0.000198564,0.656125659,28.37,11.68,6.88
F_emwug_E_WasepPseudo_Norm,WASEP_PseudoEmwug,female,disgust,0,1.3119,1.3119,0.153,46.2,77.6,284.8,577.3,379.4,85.77,0.000556652,0.908040603,43.88,7.2,4.4
F_emwug_F_WasepPseudo_Norm,WASEP_PseudoEmwug,female,happy,0,0.9317,0.9317,0.147,57.8,75.9,114.5,400.0,230.5,85.69,0.001721694,0.897582449,33.18,5.59,5.15
F_emwug_T_WasepPseudo_Norm,WASEP_PseudoEmwug,female,sad,0,1.0877,1.0877,0.036,54.3,76.2,101.8,168.1,129.6,20.92,0.003973616,0.781033113,29.46,11.52,4.58
F_emwug_W_WasepPseudo_Norm,WASEP_PseudoEmwug,female,angry,0,0.9375,0.9375,0.553,54.2,76.2,80.4,380.4,319.3,72.98,0.000738651,0.533025585,15.54,7.12,5.38
F_emwug_s_WasepPseudo_Norm,WASEP_PseudoEmwug,female,neutral,0,0.8,0.8,0.046,52.4,77.5,111.1,246.6,166.2,50.83,0.001336216,1.149904478,40.44,8.77,3.31
F_frepat_A_WasepPseudo_Norm,WASEP_PseudoFrepat,female,fear,0,1.1614,1.1614,0.604,59.8,78.6,312.1,405.7,366.6,29.33,0.000192564,0.701419547,35.12,6.78,5.05
F_frepat_E_WasepPseudo_Norm,WASEP_PseudoFrepat,female,disgust,0,2.2175,2.2175,0.858,56.8,79.9,214.5,523.2,323.1,81.52,0.00110211,0.73311099,26.64,3.05,5.15
F_frepat_F_WasepPseudo_Norm,WASEP_PseudoFrepat,female,happy,0,1.0855,1.0855,0.232,57.6,75.9,121.5,330.1,241.2,80.25,0.002715368,1.49502808,17.83,1.49,3.97
F_frepat_T_WasepPseudo_Norm,WASEP_PseudoFrepat,female,sad,0,1.1987,1.1987,0.354,55.5,76.0,131.1,563.2,178.1,103.05,0.005100465,0.910561183,37.63,4.66,4.59
F_frepat_W_WasepPseudo_Norm,WASEP_PseudoFrepat,female,angry,0,1.2615,1.2615,0.45,56.9,76.9,221.9,463.5,314.7,69.42,0.001179564,0.965281165,27.51,2.06,3.81
F_frepat_s_WasepPseudo_Norm,WASEP_PseudoFrepat,female,neutral,0,1.1008,1.1008,0.334,54.0,77.0,114.5,245.8,196.2,38.46,0.002503598,1.214043259,34.39,1.66,4.23
F_gatan_A_WasepPseudo_Norm,WASEP_PseudoGatan,female,fear,0,1.1378,1.1378,0.103,63.3,77.5,300.6,412.7,343.2,25.2,0.000158383,0.702066172,20.5,12.19,5.07
F_gatan_E_WasepPseudo_Norm,WASEP_PseudoGatan,female,disgust,0,1.9069,1.9069,1.308,60.2,77.0,125.5,496.3,327.4,75.67,0.000557517,0.775551622,32.61,4.34,5.01
F_gatan_F_WasepPseudo_Norm,WASEP_PseudoGatan,female,happy,0,1.1175,1.1175,0.16,53.7,77.2,107.0,337.3,174.4,58.29,0.004655748,1.233539022,35.23,1.32,4.0
F_gatan_T_WasepPseudo_Norm,WASEP_PseudoGatan,female,sad,0,1.5255,1.5255,0.073,54.6,76.3,107.8,154.8,126.5,16.04,0.002397598,0.832363414,38.3,6.38,5.86
F_gatan_W_WasepPseudo_Norm,WASEP_PseudoGatan,female,angry,0,1.2423,1.2423,0.521,56.1,76.9,122.9,393.5,247.6,74.94,0.002332376,0.85033965,27.22,2.87,2.85
F_gatan_s_WasepPseudo_Norm,WASEP_PseudoGatan,female,neutral,0,0.7089,0.7089,0.085,56.9,76.4,97.1,206.6,155.5,38.51,0.005354624,1.199193218,21.57,2.57,4.47
F_glubas_A_WasepPseudo_Norm,WASEP_PseudoGlubas,female,fear,0,1.3526,1.3526,0.266,58.0,76.1,82.0,579.7,368.6,120.75,0.001353903,0.637354452,33.4,12.74,11.17
F_glubas_E_WasepPseudo_Norm,WASEP_PseudoGlubas,female,disgust,0,2.5254,2.5254,1.235,58.9,79.2,210.1,450.0,323.0,48.53,0.000484356,0.489334989,31.7,12.15,10.91
F_glubas_F_WasepPseudo_Norm,WASEP_PseudoGlubas,female,happy,0,1.0449,1.0449,0.181,61.5,75.8,107.9,406.9,266.4,113.3,0.001888149,1.104765545,27.22,4.97,7.6
F_glubas_T_WasepPseudo_Norm,WASEP_PseudoGlubas,female,sad,0,1.1579,1.1579,0.191,70.4,81.3,98.5,183.8,143.8,30.41,0.002177049,1.045556969,29.04,3.63,6.59
F_glubas_W_b_WasepPseudo_Norm,WASEP_PseudoGlubas,female,angry,0,1.4835,1.4835,0.76,58.1,78.3,175.8,589.5,290.2,112.27,0.001070158,0.778360112,38.21,7.1,5.58
F_glubas_s_WasepPseudo_Norm,WASEP_PseudoGlubas,female,neutral,0,0.9368,0.9368,0.194,62.4,75.8,103.3,279.3,188.0,58.15,0.002915716,0.834632068,32.12,3.4,6.56
F_krinok_A_WasepPseudo_Norm,WASEP_PseudoKrinok,female,fear,0,1.1494,1.1494,0.639,62.8,77.8,325.1,515.4,371.2,45.29,0.000387345,0.76413133,29.99,9.48,6.61
F_krinok_E_WasepPseudo_Norm,WASEP_PseudoKrinok,female,disgust,0,1.5964,1.5964,0.933,57.4,77.2,162.4,391.5,288.7,87.35,0.000414324,0.650723801,31.76,7.09,4.86
F_krinok_F_WasepPseudo_Norm,WASEP_PseudoKrinok,female,happy,0,1.0101,1.0101,0.272,54.6,76.4,105.7,350.5,231.3,84.21,0.003598621,1.029196935,30.07,4.54,4.05
F_krinok_T_WasepPseudo_Norm,WASEP_PseudoKrinok,female,sad,0,1.1461,1.1461,0.424,61.1,76.0,100.0,589.9,161.0,100.72,0.002904203,0.767769108,32.78,7.28,4.75
F_krinok_W_WasepPseudo_Norm,WASEP_PseudoKrinok,female,angry,0,1.2307,1.2307,0.742,59.8,75.8,91.5,398.1,302.4,93.33,0.002679957,1.087114312,36.64,7.22,4.26
F_krinok_s_WasepPseudo_Norm,WASEP_PseudoKrinok,female,neutral,0,0.9368,0.9368,0.23,57.2,76.2,109.0,280.7,196.8,60.31,0.001544958,0.80427968,27.06,3.36,3.42
F_schlogen_A_WasepPseudo_Norm,WASEP_PseudoSchlogen,female,fear,0,1.4977,1.4977,1.071,68.0,77.7,263.6,465.4,329.3,27.18,0.000262108,0.473152647,42.79,11.49,6.63
F_schlogen_E_WasepPseudo_Norm,WASEP_PseudoSchlogen,female,disgust,0,1.8208,1.8208,0.868,61.6,78.3,111.3,526.1,311.0,90.82,0.001004443,0.984849062,39.99,6.12,5.01
F_schlogen_F_WasepPseudo_Norm,WASEP_PseudoSchlogen,female,happy,0,1.3235,1.3235,0.408,62.3,76.7,87.0,394.4,224.1,104.64,0.001785291,0.742083718,24.89,6.7,6.94
F_schlogen_T_WasepPseudo_Norm,WASEP_PseudoSchlogen,female,sad,0,1.2481,1.2481,0.507,61.6,75.7,119.4,176.6,148.6,19.51,0.001684052,1.450598231,32.06,6.45,7.26
F_schlogen_W_WasepPseudo_Norm,WASEP_PseudoSchlogen,female,angry,0,1.5732,1.5732,0.802,57.9,77.9,178.6,404.7,341.4,71.53,0.000711307,0.658570616,25.78,13.57,6.47
F_schlogen_s_WasepPseudo_Norm,WASEP_PseudoSchlogen,female,neutral,0,1.0463,1.0463,0.452,56.7,76.6,104.1,245.0,172.5,44.43,0.003369221,0.901871676,33.52,6.89,5.16
F_serto_A_WasepPseudo_Norm,WASEP_PseudoSerto,female,fear,0,1.2161,1.2161,0.228,66.9,76.3,106.8,341.3,293.0,31.09,0.000435347,0.557050103,24.47,12.0,8.0
F_serto_E_WasepPseudo_Norm,WASEP_PseudoSerto,female,disgust,0,1.9621,1.9621,0.41,56.4,76.5,240.3,530.5,360.4,77.65,0.000549217,0.994692753,31.72,2.53,4.31
F_serto_F_WasepPseudo_Norm,WASEP_PseudoSerto,female,happy,0,0.7438,0.7438,0.183,60.5,76.2,129.8,309.5,188.7,46.98,0.002813252,1.113339376,32.61,2.79,4.0
F_serto_T_WasepPseudo_Norm,WASEP_PseudoSerto,female,sad,0,1.4368,1.4368,0.286,53.7,76.9,88.7,174.2,128.0,24.55,0.003633583,1.156035219,38.5,5.25,3.87
F_serto_W_b_WasepPseudo_Norm,WASEP_PseudoSerto,female,angry,0,0.9965,0.9965,0.628,60.4,76.3,156.9,417.5,321.4,80.05,0.000655842,0.878693233,33.85,3.89,4.11
F_serto_s_WasepPseudo_Norm,WASEP_PseudoSerto,female,neutral,0,0.7985,0.7985,0.195,57.0,77.3,109.5,340.6,191.5,62.66,0.002471456,1.247713759,33.89,3.18,2.44
F_stredul_A_WasepPseudo_Norm,WASEP_PseudoStredul,female,fear,0,1.4034,1.4034,0.973,61.3,75.6,134.6,342.0,301.1,50.02,0.000885651,0.553661297,32.93,11.83,9.67
F_stredul_E_WasepPseudo_Norm,WASEP_PseudoStredul,female,disgust,0,3.0643,3.0643,1.623,50.7,77.7,183.3,542.2,343.4,88.97,0.00076973,0.825151294,35.19,8.85,9.81
F_stredul_F_WasepPseudo_Norm,WASEP_PseudoStredul,female,happy,0,1.0556,1.0556,0.383,59.3,75.7,131.1,297.2,203.1,43.46,0.002666438,0.838550568,34.23,4.43,6.25
F_stredul_T_WasepPseudo_Norm,WASEP_PseudoStredul,female,sad,0,1.5383,1.5383,0.573,56.4,75.9,78.5,265.2,178.9,41.59,0.001787752,1.148921789,34.14,7.63,7.12
F_stredul_W_WasepPseudo_Norm,WASEP_PseudoStredul,female,angry,0,1.4629,1.4629,0.925,67.1,78.1,146.1,393.1,295.9,78.31,0.001124255,0.815010173,28.11,4.93,7.67
F_stredul_s_WasepPseudo_Norm,WASEP_PseudoStredul,female,neutral,0,1.2259,1.2259,0.376,55.6,76.5,113.3,227.1,160.9,41.01,0.0011798,0.843288959,38.03,6.19,7.14
F_tarit_A_WasepPseudo_Norm,WASEP_PseudoTarit,female,fear,0,0.7695,0.7695,0.285,64.3,75.9,254.2,324.0,297.1,20.32,0.000832343,1.138031433,32.28,3.26,4.35
F_tarit_E_WasepPseudo_Norm,WASEP_PseudoTarit,female,disgust,0,1.6062,1.6062,0.333,53.3,76.8,122.6,527.2,293.1,96.97,0.000427448,0.842657004,28.53,0.03,3.5
F_tarit_F_WasepPseudo_Norm,WASEP_PseudoTarit,female,happy,0,1.01,1.01,0.156,52.6,76.8,138.3,237.3,181.9,33.08,0.00179496,1.079126089,29.18,2.64,3.55
F_tarit_T_WasepPseudo_Norm,WASEP_PseudoTarit,female,sad,0,1.3235,1.3235,0.179,51.8,76.2,137.8,188.2,150.4,9.59,0.001747017,0.635881752,37.97,9.01,4.22
F_tarit_W_WasepPseudo_Norm,WASEP_PseudoTarit,female,angry,0,1.4919,1.4919,0.267,61.7,80.5,123.5,318.7,256.2,67.31,0.002436932,0.713519631,24.49,4.34,5.31
F_tarit_s_WasepPseudo_Norm,WASEP_PseudoTarit,female,neutral,0,0.8577,0.8577,0.112,55.0,77.2,122.7,213.2,174.6,26.06,0.001738834,1.233310943,31.19,4.18,3.68
M_blorag_A_WasepPseudo_Norm,WASEP_PseudoBlorag,male,fear,0,0.8127,0.8127,0.097,66.9,79.9,83.5,170.8,142.7,27.11,0.001436122,0.860522568,36.33,11.9,3.66
M_blorag_E_Rausch_WasepPseudo_Norm,WASEP_PseudoBlorag,male,disgust,0,1.9211,1.9211,0.71,61.0,76.4,75.9,155.0,109.2,22.89,0.001377652,0.76715583,25.76,5.22,7.2
M_blorag_F_WasepPseudo_Norm,WASEP_PseudoBlorag,male,happy,0,1.2662,1.2662,0.274,57.9,77.6,92.2,148.2,127.7,18.74,0.002863979,0.917456494,29.49,8.26,6.76
M_blorag_T_Rausch_WasepPseudo_Norm,WASEP_PseudoBlorag,male,sad,0,1.4745,1.4745,0.146,60.5,75.4,75.4,431.3,144.6,141.73,0.003400118,2.121321408,33.33,-3.06,5.65
M_blorag_W_b_WasepPseudo_Norm,WASEP_PseudoBlorag,male,angry,0,1.2713,1.2713,0.407,65.0,76.7,131.7,270.0,218.2,32.28,0.000659781,0.690693667,27.77,4.48,4.81
M_blorag_s_WasepPseudo_Norm,WASEP_PseudoBlorag,male,neutral,0,0.6676,0.6676,0.227,63.4,76.5,78.0,132.9,104.8,17.41,0.003547435,0.931378718,32.99,2.63,2.63
M_emwug_A_b_WasepPseudo_Norm,WASEP_PseudoEmwug,male,fear,0,1.0681,1.0681,0.654,59.5,75.6,164.0,243.4,227.3,17.41,0.000657424,0.771521331,41.52,16.53,7.88
M_emwug_E_WasepPseudo_Norm,WASEP_PseudoEmwug,male,disgust,0,1.7066,1.7066,0.309,63.8,79.9,75.3,148.0,108.9,22.29,0.001419105,0.680134256,32.52,8.61,5.72
M_emwug_F_b_WasepPseudo_Norm,WASEP_PseudoEmwug,male,happy,0,0.5863,0.5863,0.056,56.4,76.1,95.3,247.6,172.6,56.7,0.003362588,1.124221718,28.59,5.69,3.15
M_emwug_T_WasepPseudo_Norm,WASEP_PseudoEmwug,male,sad,0,1.3003,1.3003,0.08,60.2,75.9,75.7,479.4,298.5,179.44,0.000828225,2.098120523,37.37,-0.0009,10.79
M_emwug_W_WasepPseudo_Norm,WASEP_PseudoEmwug,male,angry,0,0.6792,0.6792,0.383,57.4,76.0,136.7,413.3,203.8,59.83,0.002317458,0.844201973,27.47,6.13,4.53
M_emwug_s_WasepPseudo_Norm,WASEP_PseudoEmwug,male,neutral,0,0.62,0.62,0.084,58.8,77.0,96.7,153.6,127.7,19.33,0.002597791,0.935172335,32.89,6.13,3.58
M_frepat_A_b_WasepPseudo_Norm,WASEP_PseudoFrepat,male,fear,0,1.19,1.19,0.16,49.5,78.8,132.1,606.0,302.2,174.92,0.001022449,1.224371569,51.5,11.04,5.77
M_frepat_E_b_WasepPseudo_Norm,WASEP_PseudoFrepat,male,disgust,0,1.1662,1.1662,0.535,63.1,79.3,95.6,434.3,161.4,82.65,0.002804727,1.282220463,30.85,1.32,3.17
M_frepat_F_WasepPseudo_Norm,WASEP_PseudoFrepat,male,happy,0,0.8432,0.8432,0.253,57.9,76.3,76.5,243.1,156.2,54.15,0.003895667,1.113370738,31.14,2.23,3.39
M_frepat_T_WasepPseudo_Norm,WASEP_PseudoFrepat,male,sad,0,1.7531,1.7531,0.505,59.2,75.1,77.4,534.5,369.5,224.82,0.001684164,1.886181193,28.68,-4.07,7.73
M_frepat_W_b_WasepPseudo_Norm,WASEP_PseudoFrepat,male,angry,0,0.7331,0.7331,0.256,58.4,75.9,212.8,333.1,280.2,34.41,0.002572923,1.519257931,29.16,0.66,4.17
M_frepat_s_b_WasepPseudo_Norm,WASEP_PseudoFrepat,male,neutral,0,0.7459,0.7459,0.301,53.5,76.6,76.5,172.1,130.4,32.44,0.003612314,0.849363438,27.9,0.46,1.68
M_gatan_A_WasepPseudo_Norm,WASEP_PseudoGatan,male,fear,0,0.9201,0.9201,0.175,62.6,76.0,85.3,158.0,128.5,15.15,0.002054941,0.949386851,32.35,8.17,7.49
M_gatan_E_b_WasepPseudo_Norm,WASEP_PseudoGatan,male,disgust,0,1.7814,1.7814,0.492,63.5,76.7,75.1,125.7,97.4,15.45,0.00287429,0.649075353,30.19,3.13,4.76
M_gatan_F_WasepPseudo_Norm,WASEP_PseudoGatan,male,happy,0,0.7895,0.7895,0.164,59.1,76.2,76.8,201.5,107.1,39.04,0.003114763,1.486226902,36.54,0.82,4.22
M_gatan_T_WasepPseudo_Norm,WASEP_PseudoGatan,male,sad,0,1.3584,1.3584,0.208,61.7,74.7,74.9,493.2,184.3,184.65,0.019691412,2.146239716,32.47,5.75,2.71
M_gatan_W_WasepPseudo_Norm,WASEP_PseudoGatan,male,angry,0,0.7895,0.7895,0.445,54.9,77.3,83.5,217.8,157.5,40.78,0.002161385,0.732443201,25.57,-0.12,2.66
M_gatan_s_WasepPseudo_Norm,WASEP_PseudoGatan,male,neutral,0,0.7739,0.7739,0.172,56.2,75.8,75.9,130.3,100.3,21.58,0.002800547,0.928757861,25.89,1.86,1.82
M_glubas_A_b_WasepPseudo_Norm,WASEP_PseudoGlubas,male,fear,0,1.2945,1.2945,0.455,62.8,75.5,176.6,302.2,246.9,35.87,0.000824953,0.654373347,32.92,10.22,8.83
M_glubas_E_c_WasepPseudo_Norm,WASEP_PseudoGlubas,male,disgust,0,1.2426,1.2426,0.289,57.6,76.1,88.8,190.8,144.3,31.66,0.003655452,1.362220042,35.83,6.21,5.67
M_glubas_F_b_WasepPseudo_Norm,WASEP_PseudoGlubas,male,happy,0,1.5673,1.5673,0.475,59.8,75.8,75.5,551.4,200.1,120.79,0.002286403,1.027471883,39.65,8.2,4.84
M_glubas_T_b_WasepPseudo_Norm,WASEP_PseudoGlubas,male,sad,0,1.7299,1.7299,0.231,59.8,75.8,75.0,541.8,293.2,211.69,0.002012995,1.906784513,44.56,6.17,9.93
M_glubas_W_b_WasepPseudo_Norm,WASEP_PseudoGlubas,male,angry,0,1.5216,1.5216,0.378,65.2,76.6,122.0,224.7,184.0,21.64,0.001253916,0.893009855,30.7,4.26,5.54
M_glubas_s_WasepPseudo_Norm,WASEP_PseudoGlubas,male,neutral,0,0.7516,0.7516,0.313,65.3,77.4,87.7,236.5,162.9,51.34,0.003578288,1.163567947,33.58,2.96,4.95
M_krinok_A_WasepPseudo_Norm,WASEP_PseudoKrinok,male,fear,0,0.7808,0.7808,0.241,66.9,75.1,113.6,169.4,145.6,17.5,0.00137671,0.952236564,23.69,11.39,6.59
M_krinok_E_WasepPseudo_Norm,WASEP_PseudoKrinok,male,disgust,0,1.7879,1.7879,0.057,59.9,76.4,75.2,591.8,141.5,124.79,0.004681873,1.191485754,36.96,6.75,5.03
M_krinok_F_WasepPseudo_Norm,WASEP_PseudoKrinok,male,happy,0,0.6211,0.6211,0.332,65.8,75.4,78.3,142.0,107.6,21.83,0.003929024,1.025489686,33.07,5.37,4.89
M_krinok_T_WasepPseudo_Norm,WASEP_PseudoKrinok,male,sad,0,1.1378,1.1378,0.338,65.1,75.7,75.3,599.6,226.2,218.7,0.002472418,1.536825262,31.14,10.35,7.37
M_krinok_W_b_WasepPseudo_Norm,WASEP_PseudoKrinok,male,angry,0,0.8853,0.8853,0.257,64.6,76.2,153.0,298.5,241.5,42.47,0.000946448,0.785167346,29.92,3.23,4.27
M_krinok_s_b_WasepPseudo_Norm,WASEP_PseudoKrinok,male,neutral,0,0.5562,0.5562,0.125,60.6,75.7,77.4,563.0,174.1,122.69,0.005561911,1.13024233,26.65,1.93,3.76
M_schlogen_A_WasepPseudo_Norm,WASEP_PseudoSchlogen,male,fear,0,1.1088,1.1088,0.467,65.8,75.8,113.1,597.6,171.8,96.28,0.001330049,0.935246096,50.13,14.71,7.6
M_schlogen_E_WasepPseudo_Norm,WASEP_PseudoSchlogen,male,disgust,0,2.1188,2.1188,0.985,62.1,79.9,82.7,225.3,127.4,39.32,0.001628001,0.902073075,38.52,6.91,6.77
M_schlogen_F_b_WasepPseudo_Norm,WASEP_PseudoSchlogen,male,happy,0,0.9984,0.9984,0.311,58.7,76.0,86.6,223.3,165.2,45.25,0.002486087,0.705075188,33.26,9.78,8.04
M_schlogen_T_c_WasepPseudo_Norm,WASEP_PseudoSchlogen,male,sad,0,1.2539,1.2539,0.459,67.3,76.9,75.8,469.6,120.9,118.37,0.007605285,1.034526848,42.31,1.95,9.66
M_schlogen_W_WasepPseudo_Norm,WASEP_PseudoSchlogen,male,angry,0,0.8591,0.8591,0.399,63.7,75.5,96.7,215.7,182.2,26.77,0.002149862,0.866811324,32.21,7.71,6.04
M_schlogen_s_WasepPseudo_Norm,WASEP_PseudoSchlogen,male,neutral,0,0.5979,0.5979,0.211,64.6,76.6,76.6,154.6,119.1,25.41,0.005977319,0.966723807,31.73,4.56,2.73
M_serto_A_WasepPseudo_Norm,WASEP_PseudoSerto,male,fear,0,0.78,0.78,0.555,63.3,76.9,92.2,437.0,132.7,72.21,0.003489185,1.282534255,40.39,7.87,4.35
M_serto_E_WasepPseudo_Norm,WASEP_PseudoSerto,male,disgust,0,1.7879,1.7879,0.686,62.3,75.9,73.7,431.5,153.7,103.45,0.004790743,1.328348708,40.33,4.45,5.25
M_serto_F_b_WasepPseudo_Norm,WASEP_PseudoSerto,male,happy,0,0.8642,0.8642,0.166,56.5,75.9,75.0,173.3,128.3,31.37,0.003068128,1.150251692,46.07,6.82,7.21
M_serto_T_WasepPseudo_Norm,WASEP_PseudoSerto,male,sad,0,0.9056,0.9056,0.293,63.2,75.0,75.5,110.8,89.9,12.83,0.005281848,1.010007923,41.63,-1.34,8.18
M_serto_s_WasepPseudo_Norm,WASEP_PseudoSerto,male,neutral,0,0.722,0.722,0.178,65.0,79.1,82.0,136.9,118.8,17.07,0.002692387,0.945447388,20.7,8.91,5.6
M_stredul_E_WasepPseudo_Norm,WASEP_PseudoStredul,male,disgust,0,1.8601,1.8601,0.732,56.1,76.2,87.0,234.9,135.7,46.25,0.001529934,0.797057832,32.54,5.7,6.54
M_stredul_F_b_WasepPseudo_Norm,WASEP_PseudoStredul,male,happy,0,1.0681,1.0681,0.391,63.0,75.2,76.4,584.5,207.9,158.34,0.002335184,1.067199949,36.88,5.57,6.33
M_stredul_T_b_WasepPseudo_Norm,WASEP_PseudoStredul,male,sad,0,1.1378,1.1378,0.446,60.0,75.6,77.0,486.4,165.6,161.08,0.0011161,1.516845475,35.46,7.02,9.14
M_stredul_W_b_WasepPseudo_Norm,WASEP_PseudoStredul,male,angry,0,1.7183,1.7183,1.058,67.5,76.1,76.0,278.7,180.0,64.19,0.002157732,1.123755024,27.45,3.64,4.07
M_stredul_s_WasepPseudo_Norm,WASEP_PseudoStredul,male,neutral,0,0.8631,0.8631,0.403,58.6,75.8,75.0,144.1,111.2,19.54,0.004679357,0.949741157,26.84,3.1,2.57
M_tarit_A_WasepPseudo_Norm,WASEP_PseudoTarit,male,fear,0,0.5502,0.5502,0.094,65.7,75.8,81.2,194.2,155.8,35.35,0.003838472,1.034486771,33.88,5.0,3.8
M_tarit_E_b_WasepPseudo_Norm,WASEP_PseudoTarit,male,disgust,0,1.7644,1.7644,0.102,61.9,80.7,94.5,230.6,148.7,41.13,0.001394811,0.910279173,29.04,3.36,3.75
M_tarit_F_WasepPseudo_Norm,WASEP_PseudoTarit,male,happy,0,0.7343,0.7343,0.365,63.4,76.9,79.0,164.4,126.5,28.45,0.002925173,1.37390342,37.13,5.59,3.7
M_tarit_T_c_WasepPseudo_Norm,WASEP_PseudoTarit,male,sad,0,0.8533,0.8533,0.247,62.5,75.5,75.0,499.8,271.4,192.27,0.002282635,1.741964762,24.26,6.03,4.94
M_tarit_W_WasepPseudo_Norm,WASEP_PseudoTarit,male,angry,0,0.891,0.891,0.068,62.9,77.6,165.0,210.4,185.8,12.12,0.001083934,0.91581284,23.15,1.46,4.69
M_tarit_s_WasepPseudo_Norm,WASEP_PseudoTarit,male,neutral,0,0.5649,0.5649,0.119,61.5,76.3,85.0,156.5,124.2,23.14,0.003252236,1.192175877,23.62,0.68,3.34
F_Bildung_A_WasepSP_Norm,WASEPSemPosBildung,female,fear,0,0.812,0.812,0.044,62.9,75.3,282.7,489.0,366.9,52.83,0.000492904,0.622753654,36.85,9.88,4.32
F_Bildung_E_c_WasepSP_Norm,WASEPSemPosBildung,female,disgust,0,1.219,1.219,0.272,60.4,76.7,160.5,430.2,281.0,105.31,0.001312789,1.238688697,28.58,2.59,4.34
F_Bildung_F_WasepSP_Norm,WASEPSemPosBildung,female,happy,0,0.6966,0.6966,0.04,54.5,76.4,182.4,383.6,285.2,70.55,0.00235615,0.781676867,23.94,4.68,5.22
F_Bildung_T_b_WasepSP_Norm,WASEPSemPosBildung,female,sad,0,0.8011,0.8011,0.08,62.9,74.1,105.7,180.3,126.3,13.46,0.003309364,0.941917314,14.35,9.89,3.24
F_Bildung_W_b_WasepSP_Norm,WASEPSemPosBildung,female,angry,0,1.0528,1.0528,0.155,60.7,76.0,98.8,582.5,212.6,134.69,0.004029569,1.609232581,33.93,1.68,2.93
F_Bildung_s_WasepSP_Norm,WASEPSemPosBildung,female,neutral,0,1.12,1.12,0.189,57.3,77.9,99.6,238.6,152.5,45.92,0.002839233,0.947211063,32.18,7.44,2.89
F_Freude_A_d_WasepSP_Norm,WASEPSemPosFreude,female,fear,0,1.219,1.219,0.461,60.9,75.3,167.1,445.6,349.4,65.58,0.001366149,0.533843888,31.62,13.88,7.31
F_Freude_E_WasepSP_Norm,WASEPSemPosFreude,female,disgust,0,1.28,1.28,0.623,57.0,76.7,96.6,596.9,272.4,112.98,0.001433913,1.012240382,35.16,3.84,2.93
F_Freude_F_WasepSP_Norm,WASEPSemPosFreude,female,happy,0,1.1755,1.1755,0.403,53.3,76.5,76.2,326.9,210.6,91.49,0.002073971,1.076726105,32.38,5.8,5.55
F_Freude_T_c_WasepSP_Norm,WASEPSemPosFreude,female,sad,0,1.1322,1.1322,0.401,62.5,73.9,82.0,165.7,111.0,20.57,0.004939325,1.391996993,37.4,6.26,4.44
F_Freude_W_b_WasepSP_Norm,WASEPSemPosFreude,female,angry,0,1.1429,1.1429,0.515,50.9,77.0,91.1,243.3,160.3,52.21,0.002979262,1.612143752,32.41,4.25,4.06
F_Freude_s_WasepSP_Norm,WASEPSemPosFreude,female,neutral,0,0.9812,0.9812,0.431,63.4,77.4,97.0,234.6,165.9,41.8,0.002442733,0.874223376,30.86,2.94,5.24
F_Gewinn_A_WasepSP_Norm,WASEPSemPosGewinn,female,fear,0,0.5631,0.5631,0.229,66.3,75.0,317.3,380.8,349.8,20.05,0.000635896,0.888040319,46.74,10.76,5.97
F_Gewinn_E_b_WasepSP_Norm,WASEPSemPosGewinn,female,disgust,0,0.8825,0.8825,0.534,61.5,76.1,101.6,284.9,198.9,45.62,0.001382646,1.07766606,13.1,5.83,3.69
F_Gewinn_F_c_WasepSP_Norm,WASEPSemPosGewinn,female,happy,0,0.7067,0.7067,0.252,61.1,76.1,196.9,377.1,319.6,52.74,0.000807063,0.848177895,37.47,9.47,4.32
F_Gewinn_T_WasepSP_Norm,WASEPSemPosGewinn,female,sad,0,0.6686,0.6686,0.108,66.8,73.1,97.7,165.3,121.3,16.42,0.004147168,1.235322124,30.28,9.77,3.32
F_Gewinn_W_b_WasepSP_Norm,WASEPSemPosGewinn,female,angry,0,0.9911,0.9911,0.521,50.2,78.3,121.8,289.7,208.7,67.31,0.001421622,1.643488017,8.51,4.06,2.31
F_Gewinn_s_WasepSP_Norm,WASEPSemPosGewinn,female,neutral,0,0.451,0.451,0.056,66.6,76.1,117.5,216.9,175.8,31.41,0.002474458,1.361188493,28.89,7.54,3.25
F_Musik_A_WasepSP_Norm,WASEPSemPosMusik,female,fear,0,0.8012,0.8012,0.063,60.9,75.6,316.8,410.6,344.4,26.81,0.000218604,0.590912082,40.01,10.87,7.51
F_Musik_E_WasepSP_Norm,WASEPSemPosMusik,female,disgust,0,1.626,1.626,1.492,64.3,76.8,160.7,248.6,204.6,26.19,0.000904803,0.969208504,37.28,3.67,3.34
F_Musik_F_WasepSP_Norm,WASEPSemPosMusik,female,happy,0,1.5848,1.5848,0.138,51.7,75.8,75.3,336.2,245.7,82.8,0.002653781,0.643048189,34.56,10.0,6.77
F_Musik_T_WasepSP_Norm,WASEPSemPosMusik,female,sad,0,1.399,1.399,0.326,62.3,78.8,111.7,190.1,154.6,19.48,0.002108229,0.679667905,37.93,11.65,6.62
F_Musik_W_WasepSP_Norm,WASEPSemPosMusik,female,angry,0,1.3409,1.3409,0.753,55.6,76.4,134.6,319.1,185.6,68.45,0.001570934,0.995063965,21.7,1.19,4.76
F_Musik_s_WasepSP_Norm,WASEPSemPosMusik,female,neutral,0,0.9628,0.9628,0.197,66.0,79.1,137.1,241.0,180.2,28.39,0.002467699,0.634063374,37.95,8.6,5.95
F_Mutter_A_c_WasepSP_Norm,WASEPSemPosMutter,female,fear,0,0.7372,0.7372,0.54,58.6,77.0,285.9,385.0,344.9,27.97,0.000399238,0.731374383,40.76,10.72,5.88
F_Mutter_E_WasepSP_Norm,WASEPSemPosMutter,female,disgust,0,1.2255,1.2255,0.766,54.1,76.9,92.1,477.7,261.2,101.03,0.002491156,1.268136216,22.76,2.59,6.3
F_Mutter_F_b_WasepSP_Norm,WASEPSemPosMutter,female,happy,0,0.8707,0.8707,0.24,57.0,76.3,148.1,383.7,296.6,84.9,0.001328478,0.735419048,32.93,8.84,6.79
F_Mutter_T_WasepSP_Norm,WASEPSemPosMutter,female,sad,0,0.843,0.843,0.241,62.2,76.3,127.7,166.3,139.1,6.31,0.00182039,0.895048502,24.88,10.22,8.79
F_Mutter_W_c_WasepSP_Norm,WASEPSemPosMutter,female,angry,0,0.833,0.833,0.581,56.2,76.8,133.8,309.7,188.0,52.78,0.005344465,2.286085672,28.03,1.02,2.55
F_Mutter_s_WasepSP_Norm,WASEPSemPosMutter,female,neutral,0,0.7864,0.7864,0.282,62.2,76.8,101.2,315.1,185.2,57.34,0.002105585,0.746402357,33.08,10.25,10.74
F_Natur_A_c_WasepSP_Norm,WASEPSemPosNatur,female,fear,0,1.3351,1.3351,0.577,59.2,75.3,282.1,363.4,322.6,23.19,0.000130675,0.438370315,41.06,16.85,11.03
F_Natur_E_WasepSP_Norm,WASEPSemPosNatur,female,disgust,0,1.5789,1.5789,0.677,57.7,76.5,76.4,432.8,249.8,114.56,0.001292137,1.188564665,38.94,2.38,5.37
F_Natur_F_WasepSP_Norm,WASEPSemPosNatur,female,happy,0,1.0739,1.0739,0.14,56.5,75.9,110.7,313.3,267.0,60.74,0.001637199,1.019995819,43.02,6.49,7.0
F_Natur_T_WasepSP_Norm,WASEPSemPosNatur,female,sad,0,0.9077,0.9077,0.167,60.7,76.1,118.6,176.8,152.6,14.62,0.00198474,0.691358988,35.56,12.0,8.14
F_Natur_W_WasepSP_Norm,WASEPSemPosNatur,female,angry,0,1.418,1.418,0.604,55.7,76.0,145.4,266.0,219.0,34.47,0.00169598,1.756644541,30.54,1.89,4.72
F_Natur_s_WasepSP_Norm,WASEPSemPosNatur,female,neutral,0,0.9414,0.9414,0.626,61.7,77.2,93.1,271.3,191.7,47.83,0.002051935,0.975077882,22.45,5.73,8.02
F_Sonne_A_WasepSP_Norm,WASEPSemPosSonne,female,fear,0,0.7024,0.7024,0.154,58.9,76.8,153.3,266.9,209.0,34.19,0.002582423,1.629306753,30.02,5.53,4.79
F_Sonne_E_WasepSP_Norm,WASEPSemPosSonne,female,disgust,0,1.1263,1.1263,0.452,57.6,76.7,187.4,494.1,234.3,76.17,0.001434385,1.493598276,27.87,1.27,3.83
F_Sonne_F_b_WasepSP_Norm,WASEPSemPosSonne,female,happy,0,0.9781,0.9781,0.331,56.8,76.1,130.5,253.3,206.1,38.12,0.003302765,1.136967955,33.2,6.83,5.66
F_Sonne_T_WasepSP_Norm,WASEPSemPosSonne,female,sad,0,1.4306,1.4306,0.447,54.7,74.7,89.4,122.0,105.1,11.63,0.003505033,1.199274645,28.03,5.78,4.69
F_Sonne_W_WasepSP_Norm,WASEPSemPosSonne,female,angry,0,1.1088,1.1088,0.503,54.2,77.5,77.4,211.0,150.0,46.81,0.008768162,1.537295441,26.28,0.4,1.8
F_Sonne_s_WasepSP_Norm,WASEPSemPosSonne,female,neutral,0,0.7,0.7,0.222,62.5,76.0,108.2,214.4,165.4,27.93,0.002202046,1.177203497,32.07,5.32,5.05
F_Vernunft_A_c_WasepSP_Norm,WASEPSemPosVernunft,female,fear,0,1.0246,1.0246,0.26,63.3,75.3,244.1,467.2,284.3,69.39,0.000399368,1.159528773,24.5,10.63,8.06
F_Vernunft_E_WasepSP_Norm,WASEPSemPosVernunft,female,disgust,0,2.0433,2.0433,0.973,54.3,75.9,82.9,595.8,199.0,118.02,0.001631021,1.368533297,25.0,3.29,5.47
F_Vernunft_F_b_WasepSP_Norm,WASEPSemPosVernunft,female,happy,0,1.4522,1.4522,0.201,55.3,76.0,151.6,347.6,278.2,49.3,0.000681187,0.664009141,36.45,10.5,7.2
F_Vernunft_T_WasepSP_Norm,WASEPSemPosVernunft,female,sad,0,1.5848,1.5848,0.398,59.5,74.8,86.0,598.6,155.7,132.87,0.00234868,1.59949381,33.87,10.12,5.7
F_Vernunft_W_WasepSP_Norm,WASEPSemPosVernunft,female,angry,0,1.4396,1.4396,0.399,54.3,77.2,254.2,463.5,321.0,57.19,0.000692818,0.889739396,35.31,7.4,5.53
F_Vernunft_s_WasepSP_Norm,WASEPSemPosVernunft,female,neutral,0,1.0278,1.0278,0.163,61.9,76.7,152.8,224.5,186.7,18.29,0.002133954,0.963112189,26.11,7.37,7.14
F_Wahrheit_A_b_WasepSP_Norm,WASEPSemPosWahrheit,female,fear,0,1.2132,1.2132,0.125,59.8,76.0,244.4,298.2,269.6,13.29,0.001227782,1.295448569,33.03,1.48,4.02
F_Wahrheit_E_WasepSP_Norm,WASEPSemPosWahrheit,female,disgust,0,1.771,1.771,0.231,60.0,78.1,127.1,565.9,221.9,111.92,0.002061232,1.263613244,27.66,1.21,3.7
F_Wahrheit_F_WasepSP_Norm,WASEPSemPosWahrheit,female,happy,0,1.2045,1.2045,0.199,54.9,76.7,100.6,269.1,185.4,57.49,0.002512006,1.422675244,49.02,6.67,6.98
F_Wahrheit_T_WasepSP_Norm,WASEPSemPosWahrheit,female,sad,0,1.4651,1.4651,0.17,58.4,76.0,87.2,134.0,108.8,11.45,0.005343079,1.397204298,44.25,5.39,4.7
F_Wahrheit_W_WasepSP_Norm,WASEPSemPosWahrheit,female,angry,0,1.4106,1.4106,0.099,60.6,76.8,129.4,325.9,241.3,63.85,0.00453736,1.281864949,29.63,0.75,3.57
F_Wahrheit_s_WasepSP_Norm,WASEPSemPosWahrheit,female,neutral,0,1.2712,1.2712,0.229,60.2,76.1,105.9,193.3,157.8,23.3,0.00332173,1.148030502,20.48,4.12,5.1
F_Wissen_A_c_WasepSP_Norm,WASEPSemPosWissen,female,fear,0,0.9346,0.9346,0.246,59.6,75.5,308.7,535.8,369.8,59.36,0.000303714,0.965507141,42.95,8.2,6.08
F_Wissen_E_WasepSP_Norm,WASEPSemPosWissen,female,disgust,0,1.3496,1.3496,0.441,58.8,78.6,160.4,567.7,324.7,144.89,0.001171464,1.291398306,25.03,0.99,1.87
F_Wissen_F_WasepSP_Norm,WASEPSemPosWissen,female,happy,0,1.0246,1.0246,0.175,52.7,76.3,256.4,352.1,318.8,27.33,0.000544744,0.810376791,19.71,6.26,6.79
F_Wissen_T_WasepSP_Norm,WASEPSemPosWissen,female,sad,0,1.0101,1.0101,0.211,58.9,79.1,84.1,164.8,126.9,17.57,0.009289542,1.827167425,34.15,5.25,5.49
F_Wissen_W_WasepSP_Norm,WASEPSemPosWissen,female,angry,0,0.991,0.991,0.241,52.8,76.3,86.3,251.3,136.0,37.44,0.006133927,1.159575242,34.53,2.74,4.18
F_Wissen_s_WasepSP_Norm,WASEPSemPosWissen,female,neutral,0,0.6667,0.6667,0.206,65.2,75.9,108.3,248.8,163.1,39.51,0.005249621,1.502558171,24.58,4.79,4.49
M_Bildung_A_b_WasepSP_Norm,WASEPSemPosBildung,male,fear,0,0.7285,0.7285,0.175,62.6,75.8,141.3,280.2,207.2,41.25,0.000907643,0.824623201,43.61,13.36,2.19
M_Bildung_E_c_WasepSP_Norm,WASEPSemPosBildung,male,disgust,0,1.4541,1.4541,0.376,59.2,75.3,75.3,414.4,111.6,78.67,0.004017557,1.292345175,42.53,10.31,5.27
M_Bildung_F_d_WasepSP_Norm,WASEPSemPosBildung,male,happy,0,0.7793,0.7793,0.208,60.9,75.8,76.3,190.0,138.9,38.53,0.003508496,0.703461019,16.17,4.24,5.04
M_Bildung_T_b_WasepSP_Norm,WASEPSemPosBildung,male,sad,0,1.1146,1.1146,0.144,62.5,75.8,75.6,95.2,89.0,4.98,0.002333597,0.400810392,32.91,7.21,9.03
M_Bildung_W_b_WasepSP_Norm,WASEPSemPosBildung,male,angry,0,0.6415,0.6415,0.101,64.8,76.2,112.3,279.4,230.5,43.36,0.001122496,0.822792917,27.81,5.32,4.52
M_Bildung_s_WasepSP_Norm,WASEPSemPosBildung,male,neutral,0,0.7822,0.7822,0.422,62.9,76.6,76.2,147.7,113.5,22.0,0.003699542,1.105238856,31.15,5.06,1.67
M_Freude_A_b_WasepSP_Norm,WASEPSemPosFreude,male,fear,0,0.9175,0.9175,0.76,68.2,74.8,124.6,583.4,248.7,123.81,0.001164474,1.124379204,44.34,12.82,3.78
M_Freude_E_b_WasepSP_Norm,WASEPSemPosFreude,male,disgust,0,1.7879,1.7879,1.008,56.2,75.8,75.7,206.8,132.6,45.04,0.002794245,0.562672216,32.24,6.36,6.14
M_Freude_F_WasepSP_Norm,WASEPSemPosFreude,male,happy,0,1.164,1.164,0.497,58.7,76.9,75.0,224.0,145.5,49.31,0.002413334,0.970782501,29.46,4.95,3.64
M_Freude_T_WasepSP_Norm,WASEPSemPosFreude,male,sad,0,0.8826,0.8826,0.308,60.0,74.3,81.4,84.0,82.9,1.08,0.0,0.0,25.62,-0.98,4.38
M_Freude_W_b_WasepSP_Norm,WASEPSemPosFreude,male,angry,0,1.1784,1.1784,0.552,66.3,78.7,103.0,164.7,139.8,16.63,0.003710562,1.186439408,14.71,4.28,4.95
M_Freude_s_WasepSP_Norm,WASEPSemPosFreude,male,neutral,0,0.6879,0.6879,0.387,59.1,75.9,78.0,133.9,112.6,15.65,0.005579312,0.993483069,29.11,3.98,3.04
M_Gewinn_A_WasepSP_Norm,WASEPSemPosGewinn,male,fear,0,0.4255,0.4255,0.21,68.4,74.8,143.5,204.2,184.5,18.66,0.002127858,0.973590892,21.65,14.33,5.72
M_Gewinn_E_WasepSP_Norm,WASEPSemPosGewinn,male,disgust,0,1.4222,1.4222,0.609,61.5,77.7,67.0,158.6,110.1,24.81,0.002393791,0.828315477,19.83,9.45,2.89
M_Gewinn_F_c_WasepSP_Norm,WASEPSemPosGewinn,male,happy,0,0.9181,0.9181,0.343,60.6,75.7,96.3,275.6,205.1,47.53,0.000771417,0.738067167,34.06,9.54,2.82
M_Gewinn_T_b_WasepSP_Norm,WASEPSemPosGewinn,male,sad,0,0.5156,0.5156,0.241,66.5,74.6,75.2,92.6,83.0,7.13,0.008067478,2.077040296,35.34,5.82,3.23
M_Gewinn_W_WasepSP_Norm,WASEPSemPosGewinn,male,angry,0,0.6821,0.6821,0.348,59.2,76.7,95.7,203.5,147.4,30.86,0.004502962,1.400562583,32.93,3.03,2.45
M_Gewinn_s_WasepSP_Norm,WASEPSemPosGewinn,male,neutral,0,0.4204,0.4204,0.216,65.5,75.7,76.0,127.9,105.8,14.82,0.005203509,1.911580054,34.01,4.91,2.94
M_Musik_A_WasepSP_Norm,WASEPSemPosMusik,male,fear,0,0.7866,0.7866,0.38,65.1,77.0,189.4,250.6,219.3,16.14,0.001007853,0.990585801,21.41,8.35,6.52
M_Musik_E_c_WasepSP_Norm,WASEPSemPosMusik,male,disgust,0,1.6544,1.6544,0.252,63.9,75.2,75.3,134.6,96.0,15.96,0.002756476,0.812022819,23.5,11.5,6.32
M_Musik_F_WasepSP_Norm,WASEPSemPosMusik,male,happy,0,1.3,1.3,0.167,64.2,76.4,75.6,184.4,141.8,30.7,0.002468875,0.80699132,38.96,9.27,3.84
M_Musik_T_c_WasepSP_Norm,WASEPSemPosMusik,male,sad,0,0.9114,0.9114,0.143,56.2,75.0,75.0,449.0,179.5,171.08,0.01371221,1.969083004,42.43,7.43,5.33
M_Musik_W_WasepSP_Norm,WASEPSemPosMusik,male,angry,0,1.0251,1.0251,0.546,59.7,75.3,96.8,173.4,132.1,28.37,0.00294586,1.137132764,28.92,4.22,2.97
M_Musik_s_WasepSP_Norm,WASEPSemPosMusik,male,neutral,0,0.6126,0.6126,0.092,60.7,75.5,82.8,136.3,118.3,12.4,0.00297232,1.076577038,34.13,6.84,5.31
M_Mutter_A_WasepSP_Norm,WASEPSemPosMutter,male,fear,0,0.4853,0.4853,0.058,65.1,75.6,78.8,589.1,166.0,105.65,0.003223029,1.059216218,32.56,8.66,5.11
M_Mutter_E_b_WasepSP_Norm,WASEPSemPosMutter,male,disgust,0,0.8678,0.8678,0.255,55.9,76.5,81.4,436.2,193.9,87.88,0.00127558,1.162096484,25.18,5.36,7.26
M_Mutter_F_b_WasepSP_Norm,WASEPSemPosMutter,male,happy,0,0.6449,0.6449,0.181,55.8,76.4,78.3,245.1,170.0,59.48,0.002158725,0.827502953,29.5,9.17,5.41
M_Mutter_T_b_WasepSP_Norm,WASEPSemPosMutter,male,sad,0,0.6905,0.6905,0.128,59.3,74.6,75.0,556.8,182.9,190.85,0.003818749,1.518828213,35.91,7.92,5.83
M_Mutter_W_c_WasepSP_Norm,WASEPSemPosMutter,male,angry,0,0.3788,0.3788,0.102,60.7,77.5,98.6,269.9,199.6,60.65,0.003947604,1.330215472,33.04,1.64,2.78
M_Mutter_s_WasepSP_Norm,WASEPSemPosMutter,male,neutral,0,0.4368,0.4368,0.137,66.5,76.0,122.6,575.5,289.5,194.07,0.001972546,1.6309644,36.27,4.41,3.56
M_Natur_A_WasepSP_Norm,WASEPSemPosNatur,male,fear,0,0.9765,0.9765,0.708,64.9,76.0,76.7,494.4,151.4,70.45,0.004429858,1.215959975,43.98,14.26,5.19
M_Natur_E_b_WasepSP_Norm,WASEPSemPosNatur,male,disgust,0,1.6863,1.6863,1.317,63.3,79.7,86.2,591.0,186.9,107.79,0.002771965,0.742154925,34.58,10.21,10.24
M_Natur_F_WasepSP_Norm,WASEPSemPosNatur,male,happy,0,0.8475,0.8475,0.131,62.6,75.1,75.1,121.9,101.5,14.65,0.005300603,1.464393648,23.32,5.8,4.23
M_Natur_T_b_WasepSP_Norm,WASEPSemPosNatur,male,sad,0,0.8446,0.8446,0.174,61.4,73.4,74.9,463.1,162.0,149.94,0.007683664,1.684447183,27.63,-3.3,1.9
M_Natur_W_WasepSP_Norm,WASEPSemPosNatur,male,angry,0,1.0071,1.0071,0.643,63.9,75.9,102.1,201.0,151.7,31.3,0.002258814,1.028231729,25.92,7.32,6.7
M_Natur_s_WasepSP_Norm,WASEPSemPosNatur,male,neutral,0,0.7183,0.7183,0.51,61.5,76.0,114.5,554.5,229.7,162.35,0.002614294,1.642806972,18.94,5.85,4.96
M_Sonne_A_d_WasepSP_Norm,WASEPSemPosSonne,male,fear,0,0.6617,0.6617,0.238,63.4,75.9,151.4,239.8,194.8,23.68,0.001183704,0.607049624,29.26,15.05,5.81
M_Sonne_E_b_WasepSP_Norm,WASEPSemPosSonne,male,disgust,0,1.2742,1.2742,0.5,63.4,78.8,84.3,544.7,251.6,168.29,0.001913664,1.309608412,40.88,1.05,4.85
M_Sonne_F_b_WasepSP_Norm,WASEPSemPosSonne,male,happy,0,0.772,0.772,0.224,67.0,81.6,74.9,224.6,164.1,46.58,0.002159534,1.466757732,35.49,6.13,4.29
M_Sonne_T_c_WasepSP_Norm,WASEPSemPosSonne,male,sad,0,0.7296,0.7296,0.268,65.6,74.8,75.0,593.4,321.6,219.5,0.013423109,1.70031906,23.87,9.7,10.78
M_Sonne_W_b_WasepSP_Norm,WASEPSemPosSonne,male,angry,0,0.7678,0.7678,0.342,63.2,77.1,88.3,357.0,134.2,79.61,0.005262569,1.385193982,23.74,-0.77,2.92
M_Sonne_s_WasepSP_Norm,WASEPSemPosSonne,male,neutral,0,0.5805,0.5805,0.252,64.7,75.3,81.6,148.7,116.3,23.91,0.003717517,1.380487882,36.44,4.37,3.0
M_Vernunft_A_WasepSP_Norm,WASEPSemPosVernunft,male,fear,0,0.8998,0.8998,0.217,57.7,77.4,102.1,542.0,169.3,120.16,0.003289921,1.804905199,43.5,8.73,6.93
M_Vernunft_E_WasepSP_Norm,WASEPSemPosVernunft,male,disgust,0,1.7097,1.7097,0.715,54.3,76.3,76.8,161.3,116.6,22.28,0.002105407,0.844408122,29.38,8.54,5.16
M_Vernunft_F_b_WasepSP_Norm,WASEPSemPosVernunft,male,happy,0,1.4365,1.4365,0.602,48.5,77.3,92.3,250.5,205.2,41.29,0.000885838,0.716368872,37.05,17.04,6.74
M_Vernunft_T_WasepSP_Norm,WASEPSemPosVernunft,male,sad,0,1.0327,1.0327,0.263,59.7,75.5,76.1,76.9,76.5,0.54,0.0,0.0,35.58,-2.05,9.57
M_Vernunft_W_c_WasepSP_Norm,WASEPSemPosVernunft,male,angry,0,1.2906,1.2906,0.592,59.8,76.0,112.9,182.7,151.9,20.7,0.002021215,0.811182907,33.02,7.07,4.71
M_Vernunft_s_WasepSP_Norm,WASEPSemPosVernunft,male,neutral,0,0.7735,0.7735,0.266,55.1,76.4,108.4,145.3,127.0,12.97,0.002712977,1.090673188,31.28,6.67,3.73
M_Wahrheit_A_c_WasepSP_Norm,WASEPSemPosWahrheit,male,fear,0,1.0448,1.0448,0.436,62.1,76.4,107.4,208.1,154.5,22.18,0.003311533,1.019421217,29.68,6.04,3.32
M_Wahrheit_E_c_WasepSP_Norm,WASEPSemPosWahrheit,male,disgust,0,2.0055,2.0055,0.425,59.6,80.3,74.6,204.7,127.6,43.4,0.002003655,0.59155661,26.14,3.25,4.05
M_Wahrheit_F_b_WasepSP_Norm,WASEPSemPosWahrheit,male,happy,0,1.3588,1.3588,0.464,64.1,77.7,79.5,229.2,158.9,47.52,0.002394918,0.84040351,34.25,4.48,3.91
M_Wahrheit_T_b_WasepSP_Norm,WASEPSemPosWahrheit,male,sad,0,1.052,1.052,0.243,63.0,75.3,74.6,581.3,200.1,210.17,0.007247071,1.584625717,26.81,4.04,3.68
M_Wahrheit_W_WasepSP_Norm,WASEPSemPosWahrheit,male,angry,0,0.8867,0.8867,0.218,56.8,77.3,96.3,173.8,141.0,21.87,0.001399783,1.681673778,24.4,0.18,2.85
M_Wahrheit_s_WasepSP_Norm,WASEPSemPosWahrheit,male,neutral,0,0.8261,0.8261,0.138,61.0,76.3,76.5,132.1,108.0,16.17,0.002918312,1.261298758,28.49,1.09,2.75
M_Wissen_A_c_WasepSP_Norm,WASEPSemPosWissen,male,fear,0,0.6148,0.6148,0.13,62.1,75.6,118.3,235.8,185.4,44.59,0.001016649,1.118516037,40.29,5.18,7.85
M_Wissen_E_WasepSP_Norm,WASEPSemPosWissen,male,disgust,0,0.759,0.759,0.447,60.4,76.3,75.0,167.8,101.4,29.74,0.005285395,1.18482137,33.86,1.67,2.4
M_Wissen_F_c_WasepSP_Norm,WASEPSemPosWissen,male,happy,0,0.5065,0.5065,0.217,60.6,76.1,87.3,159.3,121.5,25.04,0.004979245,1.412522196,31.63,-1.38,3.42
M_Wissen_T_c_WasepSP_Norm,WASEPSemPosWissen,male,sad,0,0.6377,0.6377,0.359,63.9,75.3,76.1,88.0,80.2,6.76,0.0,0.0,37.4,2.8,4.19
M_Wissen_W_WasepSP_Norm,WASEPSemPosWissen,male,angry,0,0.6821,0.6821,0.197,61.1,76.8,91.5,205.3,144.3,37.27,0.004633973,1.483798822,28.59,2.57,2.65
M_Wissen_s_WasepSP_Norm,WASEPSemPosWissen,male,neutral,0,0.574,0.574,0.177,58.6,76.0,76.0,174.1,118.5,34.54,0.002865023,1.403670001,33.59,1.02,4.66
F_Armut_A_c_WasepSN_Norm,WASEPSemNegArmut,female,fear,0,1.1067,1.1067,0.041,64.5,76.1,240.7,301.8,271.1,18.47,0.000379395,0.632157644,26.74,9.71,10.13
F_Armut_E_WasepSN_Norm,WASEPSemNegArmut,female,disgust,0,1.6148,1.6148,0.035,50.4,78.3,68.2,188.4,143.1,32.12,0.011944259,1.912815426,24.44,-1.13,1.01
F_Armut_F_WasepSN_Norm,WASEPSemNegArmut,female,happy,0,1.4164,1.4164,0.048,60.9,76.2,112.1,360.5,212.0,70.31,0.001795581,1.116415311,23.92,5.22,6.68
F_Armut_T_b_WasepSN_Norm,WASEPSemNegArmut,female,sad,0,1.2009,1.2009,0.51,64.8,74.6,89.1,551.4,172.1,163.73,0.00274559,1.298127536,29.15,8.19,6.62
F_Armut_W_WasepSN_Norm,WASEPSemNegArmut,female,angry,0,1.3816,1.3816,0.138,61.3,76.3,119.6,293.0,212.7,43.89,0.00103663,1.294942941,25.83,4.81,7.99
F_Armut_s_WasepSN_Norm,WASEPSemNegArmut,female,neutral,0,1.1495,1.1495,0.097,65.7,78.3,116.2,226.3,182.7,35.04,0.001030485,0.93648452,34.02,8.15,9.0
F_Betrug_A_WasepSN_Norm,WASEPSemNegBetrug,female,fear,0,1.1272,1.1272,0.094,61.2,76.4,302.5,573.0,381.1,70.12,0.000288748,1.017507847,29.51,11.69,7.84
F_Betrug_E_b_WasepSN_Norm,WASEPSemNegBetrug,female,disgust,0,1.6393,1.6393,0.385,56.1,77.3,107.4,599.0,248.5,130.52,0.002914377,1.219917259,33.95,4.86,5.51
F_Betrug_F_c_WasepSN_Norm,WASEPSemNegBetrug,female,happy,0,1.0998,1.0998,0.064,53.2,76.3,165.7,326.9,267.5,40.64,0.000873703,0.983399259,32.42,7.86,6.73
F_Betrug_T_b_WasepSN_Norm,WASEPSemNegBetrug,female,sad,0,1.2045,1.2045,0.067,57.8,75.7,100.9,165.5,135.4,13.04,0.003590793,0.926837792,44.67,7.15,6.99
F_Betrug_W_WasepSN_Norm,WASEPSemNegBetrug,female,angry,0,1.3961,1.3961,0.76,52.5,76.3,75.0,387.9,209.7,103.02,0.006617547,1.132377528,29.08,3.66,5.35
F_Betrug_s_WasepSN_Norm,WASEPSemNegBetrug,female,neutral,0,0.8795,0.8795,0.061,53.5,78.3,136.1,234.3,193.0,30.55,0.003110622,1.031676124,34.36,5.9,7.95
F_Bombe_A_WasepSN_Norm,WASEPSemNegBombe,female,fear,0,0.8708,0.8708,0.077,62.8,77.9,177.3,552.2,270.1,85.62,0.001820216,1.084180299,32.58,9.9,3.42
F_Bombe_E_WasepSN_Norm,WASEPSemNegBombe,female,disgust,0,1.0012,1.0012,0.331,50.4,76.1,183.0,445.3,360.6,52.95,0.002587683,1.047018888,41.3,10.06,5.17
F_Bombe_F_c_WasepSN_Norm,WASEPSemNegBombe,female,happy,0,0.7776,0.7776,0.059,55.0,76.8,140.7,382.7,257.1,77.59,0.003136505,1.247899008,30.33,8.24,4.37
F_Bombe_T_WasepSN_Norm,WASEPSemNegBombe,female,sad,0,0.9881,0.9881,0.279,59.5,75.0,85.7,145.0,117.8,11.76,0.004976017,1.055937933,33.99,10.0,4.96
F_Bombe_W_b_WasepSN_Norm,WASEPSemNegBombe,female,angry,0,0.8834,0.8834,0.089,61.9,76.2,98.2,561.7,208.8,132.88,0.002364874,1.267585761,27.24,4.77,4.73
F_Bombe_s_WasepSN_Norm,WASEPSemNegBombe,female,neutral,0,0.7055,0.7055,0.163,61.1,77.3,95.0,186.7,150.4,27.07,0.003305623,0.893161738,31.85,9.33,5.54
F_Dummheit_A_WasepSN_Norm,WASEPSemNegDummheit,female,fear,0,1.1088,1.1088,0.034,60.2,79.0,294.0,463.8,362.8,56.31,0.000301623,1.070607048,38.03,8.29,5.93
F_Dummheit_E_WasepSN_Norm,WASEPSemNegDummheit,female,disgust,0,1.3913,1.3913,0.16,56.4,76.7,111.2,425.6,190.3,84.28,0.001245846,0.974800912,25.94,2.61,6.87
F_Dummheit_F_b_WasepSN_Norm,WASEPSemNegDummheit,female,happy,0,1.1261,1.1261,0.035,54.1,77.2,79.9,377.0,247.2,99.28,0.004643257,1.095760801,42.11,4.16,6.07
F_Dummheit_T_b_WasepSN_Norm,WASEPSemNegDummheit,female,sad,0,1.132,1.132,0.2,57.2,75.7,77.2,157.9,117.3,20.94,0.004871761,1.077866393,36.45,6.76,4.98
F_Dummheit_W_b_WasepSN_Norm,WASEPSemNegDummheit,female,angry,0,0.993,0.993,0.066,53.4,77.5,68.3,152.3,110.6,16.11,0.007343688,1.903668052,31.86,1.51,2.69
F_Dummheit_s_WasepSN_Norm,WASEPSemNegDummheit,female,neutral,0,0.8499,0.8499,0.043,57.1,77.0,106.9,237.0,176.8,43.8,0.004454761,1.30307229,22.95,4.76,6.93
F_Krankheit_A_b_WasepSN_Norm,WASEPSemNegKrankheit,female,fear,0,1.4106,1.4106,0.687,57.1,79.5,304.0,477.0,356.7,52.09,0.000274981,0.887058227,39.36,8.44,6.36
F_Krankheit_E_b_WasepSN_Norm,WASEPSemNegKrankheit,female,disgust,0,1.9156,1.9156,0.444,52.6,76.3,76.5,595.6,217.8,114.52,0.00261182,1.073384298,30.08,2.76,3.68
F_Krankheit_F_b_WasepSN_Norm,WASEPSemNegKrankheit,female,happy,0,1.1576,1.1576,0.241,62.2,75.4,98.0,361.2,217.1,94.41,0.002236968,1.038989931,40.11,2.03,4.15
F_Krankheit_T_b_WasepSN_Norm,WASEPSemNegKrankheit,female,sad,0,1.1618,1.1618,0.24,63.5,75.7,83.1,517.9,150.0,91.01,0.003988663,1.335315058,30.93,3.96,4.66
F_Krankheit_W_WasepSN_Norm,WASEPSemNegKrankheit,female,angry,0,1.6118,1.6118,0.524,62.1,75.3,118.4,210.6,162.7,32.62,0.001889604,0.974881103,31.05,0.6,4.41
F_Krankheit_s_b_WasepSN_Norm,WASEPSemNegKrankheit,female,neutral,0,1.0131,1.0131,0.218,62.3,75.9,75.3,215.0,140.3,49.46,0.002446968,0.916096185,24.33,1.24,5.05
F_Satan_A_b_WasepSN_Norm,WASEPSemNegSatan,female,fear,0,1.352,1.352,0.53,57.2,75.8,127.4,460.8,313.4,78.51,0.000862031,0.678395032,34.85,7.16,6.53
F_Satan_E_WasepSN_Norm,WASEPSemNegSatan,female,disgust,0,1.4571,1.4571,0.408,55.6,77.0,93.9,580.5,320.4,207.25,0.000837301,1.664519138,23.51,-0.3,1.83
F_Satan_F_b_WasepSN_Norm,WASEPSemNegSatan,female,happy,0,1.0855,1.0855,0.171,58.1,78.2,187.8,262.8,230.3,22.69,0.001587448,1.505667855,35.49,2.21,3.52
F_Satan_T_b_WasepSN_Norm,WASEPSemNegSatan,female,sad,0,0.9549,0.9549,0.198,64.2,77.2,96.1,143.2,117.5,15.97,0.004124377,1.56384711,38.63,3.58,3.6
F_Satan_W_WasepSN_Norm,WASEPSemNegSatan,female,angry,0,1.2302,1.2302,0.326,57.2,76.1,0.0,0.0,0.0,0.0,0.0,0.0,24.85,-1.59,2.23
F_Satan_s_WasepSN_Norm,WASEPSemNegSatan,female,neutral,0,1.071,1.071,0.281,60.7,76.3,103.7,255.9,159.0,44.73,0.003262232,1.561758173,36.96,2.9,4.57
F_Schande_A_b_WasepSN_Norm,WASEPSemNegSchande,female,fear,0,0.8069,0.8069,0.23,64.7,75.9,300.4,393.9,358.6,22.56,0.000300414,0.900120465,39.34,9.29,9.39
F_Schande_E_b_WasepSN_Norm,WASEPSemNegSchande,female,disgust,0,1.1014,1.1014,0.329,55.5,77.2,501.3,510.6,506.0,6.58,0.000331051,1.334261509,22.22,-3.09,2.19
F_Schande_F_b_WasepSN_Norm,WASEPSemNegSchande,female,happy,0,0.9926,0.9926,0.37,57.9,76.0,138.5,528.5,322.9,73.59,0.000752518,0.778170815,42.26,5.93,7.17
F_Schande_T_WasepSN_Norm,WASEPSemNegSchande,female,sad,0,0.877,0.877,0.299,64.3,75.1,79.4,164.9,115.0,16.87,0.013523748,0.888316549,34.9,4.16,6.28
F_Schande_W_b_WasepSN_Norm,WASEPSemNegSchande,female,angry,0,1.0702,1.0702,0.279,58.4,79.1,68.6,498.0,174.6,136.54,0.005361684,1.416039973,32.88,2.07,2.7
F_Schande_s_WasepSN_Norm,WASEPSemNegSchande,female,neutral,0,1.0998,1.0998,0.39,59.4,76.5,111.9,448.6,196.2,74.77,0.002738155,1.094140953,28.47,2.79,7.52
F_Seuche_A_WasepSN_Norm,WASEPSemNegSeuche,female,fear,0,0.9794,0.9794,0.204,55.7,76.5,187.0,336.2,312.4,35.93,0.000384744,0.671630009,33.08,10.32,4.76
F_Seuche_E_WasepSN_Norm,WASEPSemNegSeuche,female,disgust,0,1.2539,1.2539,0.356,57.9,77.4,207.1,364.5,291.4,47.05,0.001187792,1.169463783,29.16,2.7,3.67
F_Seuche_F_b_WasepSN_Norm,WASEPSemNegSeuche,female,happy,0,1.1842,1.1842,0.233,55.7,76.7,83.9,419.5,286.7,113.78,0.001802867,1.101958706,30.54,6.59,4.19
F_Seuche_T_WasepSN_Norm,WASEPSemNegSeuche,female,sad,0,1.1873,1.1873,0.266,64.1,75.2,94.7,153.3,124.8,19.19,0.003531098,0.992389212,31.86,7.82,4.3
F_Seuche_W_WasepSN_Norm,WASEPSemNegSeuche,female,angry,0,1.1319,1.1319,0.351,65.6,80.0,120.7,382.5,261.8,73.49,0.002298572,1.013983323,22.93,2.58,4.44
F_Seuche_s_WasepSN_Norm,WASEPSemNegSeuche,female,neutral,0,0.8378,0.8378,0.247,64.9,75.8,91.1,239.8,164.0,35.54,0.002810819,0.968972542,35.46,4.17,4.69
F_Strafe_A_WasepSN_Norm,WASEPSemNegStrafe,female,fear,0,1.2513,1.2513,0.532,56.6,76.8,294.0,453.6,340.2,42.26,0.00035933,0.822345585,33.67,9.26,7.12
F_Strafe_E_WasepSN_Norm,WASEPSemNegStrafe,female,disgust,0,1.4731,1.4731,0.746,56.2,77.2,119.2,414.6,190.7,98.96,0.001515313,1.728259486,26.51,0.88,4.57
F_Strafe_F_b_WasepSN_Norm,WASEPSemNegStrafe,female,happy,0,1.0009,1.0009,0.42,59.4,75.8,139.7,546.2,296.5,116.73,0.003106987,1.146347769,33.43,3.03,6.08
F_Strafe_T_b_WasepSN_Norm,WASEPSemNegStrafe,female,sad,0,1.1034,1.1034,0.439,63.1,75.0,96.8,128.7,106.9,7.51,0.005914983,1.309379259,31.45,3.21,3.66
F_Strafe_W_WasepSN_Norm,WASEPSemNegStrafe,female,angry,0,1.5321,1.5321,0.741,54.8,76.5,113.5,119.9,117.2,2.18,0.001385622,1.220969857,27.31,-0.58,2.03
F_Strafe_s_WasepSN_Norm,WASEPSemNegStrafe,female,neutral,0,1.0393,1.0393,0.132,64.5,75.8,108.9,203.7,164.5,27.47,0.002150848,1.43395595,29.8,2.32,4.29
F_Terror_A_b_WasepSN_Norm,WASEPSemNegTerror,female,fear,0,0.9985,0.9985,0.359,57.3,76.7,183.0,285.3,231.3,35.55,0.000450926,0.719290849,27.24,12.14,7.06
F_Terror_E_WasepSN_Norm,WASEPSemNegTerror,female,disgust,0,1.3178,1.3178,0.346,56.7,79.1,132.3,362.7,262.6,86.41,0.002750695,1.485263694,27.03,-0.2,1.89
F_Terror_F_WasepSN_Norm,WASEPSemNegTerror,female,happy,0,0.8637,0.8637,0.204,62.8,75.5,288.9,587.2,338.7,54.53,0.000732383,0.880875253,30.32,10.32,6.95
F_Terror_T_WasepSN_Norm,WASEPSemNegTerror,female,sad,0,0.7344,0.7344,0.194,60.2,74.6,97.2,128.5,117.9,11.02,0.002813327,1.209666809,24.45,1.14,4.31
F_Terror_W_WasepSN_Norm,WASEPSemNegTerror,female,angry,0,1.0205,1.0205,0.247,61.0,75.8,92.9,158.3,122.3,15.98,0.002777974,1.565496095,22.79,-0.7,2.39
F_Terror_s_WasepSN_Norm,WASEPSemNegTerror,female,neutral,0,0.7607,0.7607,0.139,62.7,75.6,104.3,229.4,162.7,42.02,0.002411896,1.087755727,27.45,6.61,6.82
M_Armut_A_b_WasepSN_Norm,WASEPSemNegArmut,male,fear,0,0.8315,0.8315,0.085,68.3,76.3,125.4,239.6,172.8,30.89,0.001193719,1.168450669,17.91,10.69,4.41
M_Armut_E_WasepSN_Norm,WASEPSemNegArmut,male,disgust,0,1.2945,1.2945,0.213,60.2,76.0,74.9,123.6,95.0,15.52,0.004168029,1.189701166,26.81,5.42,5.38
M_Armut_F_WasepSN_Norm,WASEPSemNegArmut,male,happy,0,0.8933,0.8933,0.084,57.1,76.2,79.7,573.2,176.9,123.81,0.001209551,1.300018033,16.8,7.03,3.73
M_Armut_T_WasepSN_Norm,WASEPSemNegArmut,male,sad,0,0.743,0.743,0.052,63.4,74.8,74.4,85.1,80.0,2.92,0.006553424,0.842269355,29.95,3.67,1.98
M_Armut_W_WasepSN_Norm,WASEPSemNegArmut,male,angry,0,0.7188,0.7188,0.404,65.9,77.5,130.9,236.0,166.1,23.65,0.001268103,0.800476612,23.43,4.69,7.63
M_Armut_s_WasepSN_Norm,WASEPSemNegArmut,male,neutral,0,0.6951,0.6951,0.089,64.5,78.6,116.7,147.0,134.7,8.24,0.001946416,1.275440446,31.99,7.56,6.71
M_Betrug_A_e_WasepSN_Norm,WASEPSemNegBetrug,male,fear,0,0.9375,0.9375,0.042,52.5,78.3,162.5,591.2,243.4,142.16,0.00234389,1.381028105,30.94,8.23,9.92
M_Betrug_E_c_WasepSN_Norm,WASEPSemNegBetrug,male,disgust,0,1.3584,1.3584,0.043,62.7,79.3,78.5,590.9,141.6,99.82,0.003359195,0.787602104,31.16,5.42,4.68
M_Betrug_F_c_WasepSN_Norm,WASEPSemNegBetrug,male,happy,0,0.6522,0.6522,0.043,61.5,77.0,97.5,180.9,143.3,27.55,0.002475827,1.408618205,30.56,4.28,3.98
M_Betrug_T_c_WasepSN_Norm,WASEPSemNegBetrug,male,sad,0,0.6632,0.6632,0.044,62.7,77.1,76.6,588.0,318.4,203.6,0.002565056,2.234991065,31.47,-0.92,4.34
M_Betrug_W_WasepSN_Norm,WASEPSemNegBetrug,male,angry,0,0.838,0.838,0.058,61.0,77.9,142.6,233.4,201.3,28.31,0.002183753,0.744574185,24.25,2.21,4.98
M_Betrug_s_WasepSN_Norm,WASEPSemNegBetrug,male,neutral,0,0.6784,0.6784,0.272,51.0,77.1,95.0,145.1,127.8,14.45,0.005063944,1.270465414,30.97,4.3,3.58
M_Bombe_A_e_WasepSN_Norm,WASEPSemNegBombe,male,fear,0,0.7695,0.7695,0.041,63.9,77.3,157.3,223.5,192.0,14.71,0.000953072,0.956358402,35.53,14.25,5.46
M_Bombe_E_b_WasepSN_Norm,WASEPSemNegBombe,male,disgust,0,1.9056,1.9056,0.621,60.1,78.0,75.1,188.9,117.8,37.02,0.002444231,1.296067137,26.95,7.18,6.96
M_Bombe_F_b_WasepSN_Norm,WASEPSemNegBombe,male,happy,0,0.709,0.709,0.035,62.2,75.7,75.2,253.8,173.0,58.67,0.002217402,0.716681609,26.57,9.22,6.73
M_Bombe_T_b_WasepSN_Norm,WASEPSemNegBombe,male,sad,0,0.7605,0.7605,0.202,64.4,75.2,75.2,445.9,129.3,126.01,0.004441361,1.315188229,17.22,7.02,9.05
M_Bombe_W_WasepSN_Norm,WASEPSemNegBombe,male,angry,0,0.6792,0.6792,0.408,64.6,77.2,101.7,172.1,136.4,15.66,0.00447011,1.007423249,41.22,3.06,7.16
M_Bombe_s_WasepSN_Norm,WASEPSemNegBombe,male,neutral,0,0.6777,0.6777,0.504,61.9,75.8,105.5,144.3,134.5,7.09,0.002540868,0.986948292,37.39,11.17,3.59
M_Dummheit_A_WasepSN_Norm,WASEPSemNegDummheit,male,fear,0,0.663,0.663,0.044,59.1,76.4,119.2,181.5,154.0,21.51,0.002058953,0.776551681,35.78,13.63,5.39
M_Dummheit_E_b_WasepSN_Norm,WASEPSemNegDummheit,male,disgust,0,1.524,1.524,0.179,62.5,81.6,76.3,193.4,133.0,37.42,0.002734533,0.699588806,28.95,9.7,7.66
M_Dummheit_F_WasepSN_Norm,WASEPSemNegDummheit,male,happy,0,0.9796,0.9796,0.051,56.3,76.9,75.3,239.2,144.9,60.33,0.004176598,1.06971027,31.83,7.52,2.91
M_Dummheit_T_b_WasepSN_Norm,WASEPSemNegDummheit,male,sad,0,0.9027,0.9027,0.069,61.1,74.4,76.5,556.2,379.5,208.12,0.001482525,1.99433611,33.38,3.45,4.93
M_Dummheit_W_WasepSN_Norm,WASEPSemNegDummheit,male,angry,0,0.9085,0.9085,0.139,58.2,76.4,126.4,226.5,171.3,24.88,0.002951014,1.302756197,6.77,3.06,2.23
M_Dummheit_s_WasepSN_Norm,WASEPSemNegDummheit,male,neutral,0,0.7837,0.7837,0.173,57.7,76.1,94.6,172.5,140.9,23.73,0.004291682,1.101920881,13.99,7.33,4.14
M_Krankheit_A_WasepSN_Norm,WASEPSemNegKrankheit,male,fear,0,0.7461,0.7461,0.176,60.7,75.7,125.0,189.4,164.6,21.03,0.002068056,0.976895345,27.61,8.71,6.65
M_Krankheit_E_f_WasepSN_Norm,WASEPSemNegKrankheit,male,disgust,0,2.4645,2.4645,0.54,56.9,76.8,75.2,496.7,152.1,124.74,0.001396489,0.964658264,38.61,6.31,7.65
M_Krankheit_F_d_WasepSN_Norm,WASEPSemNegKrankheit,male,happy,0,0.9287,0.9287,0.294,58.6,75.5,73.9,134.9,104.5,20.74,0.006348928,0.728407476,28.96,4.22,6.57
M_Krankheit_T_b_WasepSN_Norm,WASEPSemNegKrankheit,male,sad,0,1.2118,1.2118,0.288,56.5,75.4,75.8,578.5,134.3,156.0,0.003625271,1.211151697,40.1,3.41,9.27
M_Krankheit_W_b_WasepSN_Norm,WASEPSemNegKrankheit,male,angry,0,0.7749,0.7749,0.276,62.7,76.5,119.2,327.6,180.0,63.53,0.002105193,1.085610503,31.61,-0.72,3.07
M_Krankheit_s_WasepSN_Norm,WASEPSemNegKrankheit,male,neutral,0,0.6937,0.6937,0.158,61.5,76.1,75.2,155.9,121.7,26.1,0.002566482,1.003109803,32.27,1.35,3.56
M_Satan_A_b_WasepSN_Norm,WASEPSemNegSatan,male,fear,0,1.3143,1.3143,0.37,55.1,76.5,152.8,228.4,179.1,20.88,0.000923149,1.056283342,53.29,9.93,7.42
M_Satan_E_b_WasepSN_Norm,WASEPSemNegSatan,male,disgust,0,1.8199,1.8199,0.576,61.0,79.2,76.0,191.5,132.6,31.18,0.002244975,1.16156331,32.86,1.23,3.68
M_Satan_F_WasepSN_Norm,WASEPSemNegSatan,male,happy,0,1.0103,1.0103,0.253,57.4,77.2,75.1,182.8,119.7,39.04,0.005165622,1.563710238,28.04,-0.13,3.0
M_Satan_T_c_WasepSN_Norm,WASEPSemNegSatan,male,sad,0,0.6662,0.6662,0.155,61.5,75.1,575.1,596.1,588.8,9.53,0.000299465,2.100751539,43.82,5.04,4.03
M_Satan_W_WasepSN_Norm,WASEPSemNegSatan,male,angry,0,1.2464,1.2464,0.448,55.8,78.0,94.5,154.5,118.3,16.72,0.004954095,1.419103431,24.89,-1.0,2.93
M_Satan_s_WasepSN_Norm,WASEPSemNegSatan,male,neutral,0,0.9259,0.9259,0.168,61.4,77.1,75.5,150.8,112.6,22.4,0.003406383,1.349115383,31.9,1.77,2.42
M_Schande_A_b_WasepSN_Norm,WASEPSemNegSchande,male,fear,0,0.86,0.86,0.474,65.6,75.2,132.6,495.8,193.8,81.12,0.001023607,0.719044256,39.09,14.77,9.82
M_Schande_E_c_WasepSN_Norm,WASEPSemNegSchande,male,disgust,0,1.407,1.407,0.252,62.5,75.7,87.4,554.8,242.8,171.5,0.002147575,1.125503711,42.6,7.77,10.13
M_Schande_F_c_WasepSN_Norm,WASEPSemNegSchande,male,happy,0,0.8823,0.8823,0.351,58.4,76.6,76.8,480.6,160.5,126.09,0.002834198,1.055363918,38.48,6.46,3.25
M_Schande_T_b_WasepSN_Norm,WASEPSemNegSchande,male,sad,0,0.9085,0.9085,0.392,66.8,75.2,75.3,616.5,325.2,214.18,0.001408235,1.813629863,39.21,2.74,3.88
M_Schande_W_WasepSN_Norm,WASEPSemNegSchande,male,angry,0,0.8171,0.8171,0.295,61.5,76.2,116.1,200.1,146.7,24.55,0.001384489,1.470647237,22.86,1.88,3.97
M_Schande_s_WasepSN_Norm,WASEPSemNegSchande,male,neutral,0,0.6734,0.6734,0.252,65.2,75.4,76.2,536.5,152.8,112.09,0.003922014,1.263711776,30.62,3.64,4.04
M_Seuche_A_e_WasepSN_Norm,WASEPSemNegSeuche,male,fear,0,1.1073,1.1073,1.04,59.4,76.2,144.0,210.5,167.7,17.18,0.001952627,1.437206385,36.87,5.44,6.41
M_Seuche_E_b_WasepSN_Norm,WASEPSemNegSeuche,male,disgust,0,0.9529,0.9529,0.416,65.2,75.6,76.0,580.6,183.5,182.76,0.003332979,1.50829709,17.83,2.88,3.72
M_Seuche_F_WasepSN_Norm,WASEPSemNegSeuche,male,happy,0,0.9895,0.9895,0.263,65.3,80.0,75.5,231.1,149.3,54.05,0.002967958,1.010207153,38.58,5.17,3.61
M_Seuche_T_b_WasepSN_Norm,WASEPSemNegSeuche,male,sad,0,0.7724,0.7724,0.179,63.5,75.7,76.4,549.2,255.2,242.6,0.000522962,1.647484369,40.77,7.24,4.18
M_Seuche_W_WasepSN_Norm,WASEPSemNegSeuche,male,angry,0,0.9375,0.9375,0.372,60.5,76.9,118.7,219.2,159.9,36.7,0.005847478,1.832669853,26.77,-0.65,2.23
M_Seuche_s_WasepSN_Norm,WASEPSemNegSeuche,male,neutral,0,0.7227,0.7227,0.298,64.7,75.5,76.3,161.5,115.6,28.93,0.002997934,1.110108413,36.49,3.02,2.95
M_Strafe_A_c_WasepSN_Norm,WASEPSemNegStrafe,male,fear,0,1.0159,1.0159,0.458,58.3,75.1,129.1,171.4,148.2,10.03,0.002497961,1.12890935,38.79,8.57,5.04
M_Strafe_E_b_WasepSN_Norm,WASEPSemNegStrafe,male,disgust,0,1.6457,1.6457,1.061,62.1,75.4,105.0,584.2,231.8,167.9,0.002268645,1.363249145,25.99,0.87,4.8
M_Strafe_F_c_WasepSN_Norm,WASEPSemNegStrafe,male,happy,0,1.222,1.222,0.546,53.7,77.0,77.7,257.2,170.5,64.97,0.001758508,1.006057089,29.8,1.98,3.93
M_Strafe_T_WasepSN_Norm,WASEPSemNegStrafe,male,sad,0,0.8026,0.8026,0.369,61.2,75.0,75.5,566.2,297.5,233.41,0.001569847,2.073264556,34.63,2.6,3.13
M_Strafe_W_WasepSN_Norm,WASEPSemNegStrafe,male,angry,0,1.2916,1.2916,0.635,56.0,76.3,100.7,153.8,126.1,12.34,0.003393631,1.240829077,28.93,-1.03,2.39
M_Strafe_s_WasepSN_Norm,WASEPSemNegStrafe,male,neutral,0,0.7895,0.7895,0.377,62.8,75.5,77.1,145.4,119.3,23.36,0.003908071,0.962520391,27.67,2.23,4.48
M_Terror_A_b_WasepSN_Norm,WASEPSemNegTerror,male,fear,0,0.7474,0.7474,0.296,65.5,76.8,101.8,579.3,162.7,85.1,0.003255168,1.041836056,42.69,12.03,3.36
M_Terror_E_b_WasepSN_Norm,WASEPSemNegTerror,male,disgust,0,1.4866,1.4866,0.506,60.9,75.6,75.2,333.5,141.1,70.28,0.002421646,1.339809739,25.84,4.32,4.98
M_Terror_F_c_WasepSN_Norm,WASEPSemNegTerror,male,happy,0,0.9936,0.9936,0.173,60.2,75.5,106.5,272.5,177.6,54.03,0.000860786,0.815490015,37.53,11.9,4.71
M_Terror_T_WasepSN_Norm,WASEPSemNegTerror,male,sad,0,0.7111,0.7111,0.108,63.0,74.8,450.4,548.9,504.2,29.3,0.000506162,2.002947898,34.79,3.72,3.84
M_Terror_W_WasepSN_Norm,WASEPSemNegTerror,male,angry,0,0.7841,0.7841,0.097,60.0,76.7,104.9,245.1,174.0,36.34,0.001836961,1.376984611,31.25,1.54,3.97
M_Terror_s_WasepSN_Norm,WASEPSemNegTerror,male,neutral,0,0.5326,0.5326,0.06,64.8,75.9,92.9,564.2,210.0,169.71,0.002081373,1.471573272,28.89,5.77,4.72
F_Bereich_A_WasepSNeu_Norm,WASEPSemNeuBereich,female,fear,0,0.8977,0.8977,0.226,63.6,75.7,350.3,561.0,396.9,57.78,0.000332277,0.645269376,25.61,7.3,6.79
F_Bereich_E_b_WasepSNeu_Norm,WASEPSemNeuBereich,female,disgust,0,1.3468,1.3468,0.589,59.6,77.0,142.7,261.4,201.1,28.5,0.001148509,1.269677302,35.52,4.02,4.52
F_Bereich_F_b_WasepSNeu_Norm,WASEPSemNeuBereich,female,happy,0,1.1427,1.1427,0.066,56.9,76.4,176.1,271.4,229.2,27.04,0.002123444,1.32386927,11.81,3.87,3.34
F_Bereich_T_b_WasepSNeu_Norm,WASEPSemNeuBereich,female,sad,0,1.1003,1.1003,0.045,62.8,79.8,88.7,149.4,102.7,13.71,0.008543884,1.398667657,37.78,5.14,3.93
F_Bereich_W_WasepSNeu_Norm,WASEPSemNeuBereich,female,angry,0,1.1823,1.1823,0.503,60.1,75.6,92.1,355.1,208.9,106.98,0.001701717,1.506938764,26.03,-0.36,2.58
F_Bereich_s_WasepSNeu_Norm,WASEPSemNeuBereich,female,neutral,0,1.068,1.068,0.101,59.1,76.5,133.8,190.9,163.7,14.67,0.002721414,1.178873642,34.79,5.13,4.02
F_Bericht_A_WasepSNeu_Norm,WASEPSemNeuBericht,female,fear,0,1.0397,1.0397,0.036,60.7,77.1,281.5,501.8,320.7,44.09,0.00037817,0.762174826,29.59,6.71,6.88
F_Bericht_E_b_WasepSNeu_Norm,WASEPSemNeuBericht,female,disgust,0,1.2829,1.2829,0.577,57.0,76.7,178.8,329.8,259.7,44.64,0.001120129,1.012193054,28.55,3.56,1.92
F_Bericht_F_WasepSNeu_Norm,WASEPSemNeuBericht,female,happy,0,1.0512,1.0512,0.034,54.6,76.0,118.5,317.5,251.2,65.91,0.003883185,0.75183851,25.0,4.88,4.88
F_Bericht_T_b_WasepSNeu_Norm,WASEPSemNeuBericht,female,sad,0,0.9868,0.9868,0.126,56.3,75.8,121.3,154.8,138.3,8.05,0.002284335,1.306912799,23.56,5.56,4.87
F_Bericht_W_WasepSNeu_Norm,WASEPSemNeuBericht,female,angry,0,1.1378,1.1378,0.537,68.1,79.5,101.4,253.4,168.3,45.73,0.003754009,1.501564219,20.85,-0.29,3.21
F_Bericht_s_WasepSNeu_Norm,WASEPSemNeuBericht,female,neutral,0,0.9168,0.9168,0.084,58.8,77.6,165.4,246.7,212.1,19.58,0.001764364,1.106055393,20.82,5.08,5.5
F_Betrieb_A_b_WasepSNeu_Norm,WASEPSemNeuBetrieb,female,fear,0,1.408,1.408,0.055,57.9,79.0,314.8,410.3,375.3,29.58,0.000193146,0.556959979,23.28,13.04,7.3
F_Betrieb_E_b_WasepSNeu_Norm,WASEPSemNeuBetrieb,female,disgust,0,1.2539,1.2539,0.352,56.9,77.3,159.6,291.1,230.3,54.72,0.000623906,1.42061773,22.37,-0.26,3.39
F_Betrieb_F_b_WasepSNeu_Norm,WASEPSemNeuBetrieb,female,happy,0,1.0132,1.0132,0.464,56.5,76.0,266.3,451.9,386.8,49.8,0.000185401,0.731674609,41.22,9.42,4.74
F_Betrieb_T_WasepSNeu_Norm,WASEPSemNeuBetrieb,female,sad,0,0.9259,0.9259,0.035,54.7,75.8,132.5,601.2,224.9,154.22,0.002465717,1.219788393,32.59,4.89,4.92
F_Betrieb_W_WasepSNeu_Norm,WASEPSemNeuBetrieb,female,angry,0,1.086,1.086,0.596,59.7,79.7,96.7,598.6,299.2,128.79,0.00106868,1.509643801,27.36,0.57,3.3
F_Betrieb_s_WasepSNeu_Norm,WASEPSemNeuBetrieb,female,neutral,0,1.0503,1.0503,0.131,52.9,76.6,151.6,614.5,243.1,120.73,0.003262778,1.081707858,21.65,5.36,5.33
F_Lage_A_WasepSNeu_Norm,WASEPSemNeuLage,female,fear,0,0.9114,0.9114,0.193,65.7,76.0,237.1,366.4,285.4,39.69,0.000276214,0.950578124,35.01,9.76,4.51
F_Lage_E_b_WasepSNeu_Norm,WASEPSemNeuLage,female,disgust,0,1.2539,1.2539,0.567,65.8,77.5,234.3,574.0,355.0,76.11,0.001072904,1.519547636,28.37,1.16,3.19
F_Lage_F_c_WasepSNeu_Norm,WASEPSemNeuLage,female,happy,0,0.8446,0.8446,0.167,63.2,76.7,100.5,274.5,189.0,65.14,0.002391469,0.900370717,37.83,5.64,5.5
F_Lage_T_d_WasepSNeu_Norm,WASEPSemNeuLage,female,sad,0,0.7787,0.7787,0.184,67.7,76.7,85.2,139.4,114.5,13.12,0.003001099,1.016261985,17.55,8.1,3.44
F_Lage_W_b_WasepSNeu_Norm,WASEPSemNeuLage,female,angry,0,1.1261,1.1261,0.402,57.4,76.4,78.8,525.1,162.7,138.98,0.004727084,1.773539118,5.11,-0.2,2.17
F_Lage_s_WasepSNeu_Norm,WASEPSemNeuLage,female,neutral,0,0.6648,0.6648,0.106,66.7,75.3,94.1,187.4,158.8,27.45,0.002376934,1.030483811,28.22,5.77,6.06
F_Menge_A_WasepSNeu_Norm,WASEPSemNeuMenge,female,fear,0,0.8707,0.8707,0.262,66.4,75.5,298.8,373.0,330.1,18.18,0.000241348,0.707116643,28.54,14.88,5.7
F_Menge_E_b_WasepSNeu_Norm,WASEPSemNeuMenge,female,disgust,0,1.1088,1.1088,0.401,55.6,76.0,106.3,584.7,247.4,167.35,0.001536642,1.338146487,25.71,2.28,2.72
F_Menge_F_WasepSNeu_Norm,WASEPSemNeuMenge,female,happy,0,0.8156,0.8156,0.221,60.4,76.1,114.4,320.6,215.6,71.24,0.001675017,0.890760934,14.47,8.5,3.37
F_Menge_T_WasepSNeu_Norm,WASEPSemNeuMenge,female,sad,0,0.7516,0.7516,0.317,68.2,76.3,93.1,164.1,131.8,25.64,0.003286401,1.183346264,33.53,12.57,5.28
F_Menge_W_WasepSNeu_Norm,WASEPSemNeuMenge,female,angry,0,1.1436,1.1436,0.346,63.1,75.6,76.5,554.3,184.0,121.43,0.003650557,1.903574764,22.62,0.88,3.82
F_Menge_s_WasepSNeu_Norm,WASEPSemNeuMenge,female,neutral,0,0.6356,0.6356,0.194,66.9,75.3,102.4,489.1,180.8,86.86,0.002445789,1.487565548,29.25,8.11,6.72
F_Mitglied_A_b_WasepSNeu_Norm,WASEPSemNeuMitglied,female,fear,0,1.3826,1.3826,0.262,56.4,75.8,337.1,419.4,378.6,21.19,0.000192769,0.53241305,25.79,14.28,7.25
F_Mitglied_E_WasepSNeu_Norm,WASEPSemNeuMitglied,female,disgust,0,1.6437,1.6437,0.366,52.1,76.5,148.0,297.5,211.0,37.54,0.001223775,0.885532953,26.22,6.29,5.84
F_Mitglied_F_WasepSNeu_Norm,WASEPSemNeuMitglied,female,happy,0,1.5137,1.5137,0.172,51.4,76.3,89.6,293.3,180.3,71.53,0.002359284,0.794889037,26.52,7.65,6.39
F_Mitglied_T_b_WasepSNeu_Norm,WASEPSemNeuMitglied,female,sad,0,1.3584,1.3584,0.113,56.7,75.3,83.7,153.2,120.3,22.69,0.004240092,1.469803367,34.54,7.8,6.03
F_Mitglied_W_WasepSNeu_Norm,WASEPSemNeuMitglied,female,angry,0,1.4699,1.4699,0.32,55.5,76.4,122.4,291.3,175.5,70.06,0.003646524,1.255065765,31.1,1.71,3.51
F_Mitglied_s_WasepSNeu_Norm,WASEPSemNeuMitglied,female,neutral,0,1.1022,1.1022,0.109,56.4,76.3,124.2,248.7,168.2,39.15,0.002194808,0.893075118,34.07,5.79,6.04
F_Mittel_A_b_WasepSNeu_Norm,WASEPSemNeuMittel,female,fear,0,1.0681,1.0681,0.288,62.9,75.4,310.7,378.7,340.4,22.38,0.000130458,0.538031429,23.6,12.58,7.65
F_Mittel_E_WasepSNeu_Norm,WASEPSemNeuMittel,female,disgust,0,1.136,1.136,0.419,55.0,76.7,219.5,494.9,398.8,83.0,0.000608833,1.680008335,33.16,-0.39,3.82
F_Mittel_F_b_WasepSNeu_Norm,WASEPSemNeuMittel,female,happy,0,1.0449,1.0449,0.217,57.2,75.7,97.7,394.0,263.8,125.08,0.002736388,0.728629021,30.05,10.74,9.68
F_Mittel_T_b_WasepSNeu_Norm,WASEPSemNeuMittel,female,sad,0,0.9346,0.9346,0.194,60.4,76.2,102.4,175.8,130.6,18.33,0.005343816,1.116422012,25.45,9.89,7.0
F_Mittel_W_b_WasepSNeu_Norm,WASEPSemNeuMittel,female,angry,0,0.9433,0.9433,0.277,54.6,76.4,103.1,474.2,206.7,130.37,0.003215383,1.507568415,8.6,3.11,3.37
F_Mittel_s_WasepSNeu_Norm,WASEPSemNeuMittel,female,neutral,0,0.7311,0.7311,0.14,62.4,75.2,114.9,255.0,172.1,42.7,0.0022986,0.80796838,35.07,8.52,8.38
F_Reihe_A_b_WasepSNeu_Norm,WASEPSemNeuReihe,female,fear,0,0.8417,0.8417,0.369,67.8,76.0,301.6,367.3,323.3,18.47,7.45e-05,0.684974951,19.26,12.93,4.36
F_Reihe_E_WasepSNeu_Norm,WASEPSemNeuReihe,female,disgust,0,1.1261,1.1261,0.437,65.9,76.1,181.9,326.7,239.2,38.69,0.001051874,0.84204645,22.51,6.74,5.11
F_Reihe_F_b_WasepSNeu_Norm,WASEPSemNeuReihe,female,happy,0,0.7457,0.7457,0.158,64.5,75.4,81.9,313.2,227.6,83.15,0.00239377,1.2413548,35.03,4.07,3.37
F_Reihe_T_b_WasepSNeu_Norm,WASEPSemNeuReihe,female,sad,0,0.6559,0.6559,0.342,66.7,75.4,82.1,473.2,129.7,75.53,0.004195331,1.556866933,13.64,6.28,3.49
F_Reihe_W_WasepSNeu_Norm,WASEPSemNeuReihe,female,angry,0,1.1378,1.1378,0.379,58.2,77.6,118.6,297.1,181.3,46.04,0.003603795,1.404493381,5.64,1.23,3.08
F_Reihe_s_b_WasepSNeu_Norm,WASEPSemNeuReihe,female,neutral,0,0.6908,0.6908,0.212,67.8,76.0,111.2,261.3,172.4,38.13,0.003516538,0.804669086,27.23,2.1,3.91
F_Sache_A_c_WasepSNeu_Norm,WASEPSemNeuSache,female,fear,0,0.9688,0.9688,0.208,63.0,76.1,211.0,256.9,243.3,10.54,0.000501112,0.964560461,24.59,3.98,4.99
F_Sache_E_b_WasepSNeu_Norm,WASEPSemNeuSache,female,disgust,0,1.0967,1.0967,0.471,67.3,78.1,357.6,386.7,369.2,9.55,0.000386359,1.972418591,32.2,-0.0008,2.63
F_Sache_F_WasepSNeu_Norm,WASEPSemNeuSache,female,happy,0,1.0768,1.0768,0.347,54.2,76.6,97.3,338.2,229.1,90.19,0.001606646,1.101300327,37.08,7.5,4.5
F_Sache_T_WasepSNeu_Norm,WASEPSemNeuSache,female,sad,0,0.862,0.862,0.204,60.2,75.0,95.8,140.5,119.2,13.82,0.003543489,1.236002442,37.63,4.78,3.56
F_Sache_W_c_WasepSNeu_Norm,WASEPSemNeuSache,female,angry,0,0.9114,0.9114,0.264,54.4,76.8,77.4,127.2,109.6,23.71,0.001697457,1.482773212,3.22,0.93,1.95
F_Sache_s_WasepSNeu_Norm,WASEPSemNeuSache,female,neutral,0,0.7367,0.7367,0.252,60.5,75.5,81.0,180.3,141.7,29.91,0.002597198,1.508429589,31.62,1.39,3.64
F_Stunde_A_c_WasepSNeu_Norm,WASEPSemNeuStunde,female,fear,0,1.0158,1.0158,0.301,58.1,76.5,310.3,537.5,352.2,63.86,0.000241494,0.894204504,51.98,11.23,9.38
F_Stunde_E_WasepSNeu_Norm,WASEPSemNeuStunde,female,disgust,0,1.6138,1.6138,0.65,55.0,77.9,156.6,483.9,309.8,107.64,0.001107227,1.325032721,30.45,2.01,4.23
F_Stunde_F_b_WasepSNeu_Norm,WASEPSemNeuStunde,female,happy,0,1.2397,1.2397,0.41,58.0,76.4,120.3,444.0,294.5,100.63,0.002471668,1.21040094,27.41,3.29,5.46
F_Stunde_T_WasepSNeu_Norm,WASEPSemNeuStunde,female,sad,0,1.2103,1.2103,0.495,60.1,74.9,83.2,160.3,116.3,19.42,0.004152806,1.202329515,33.42,7.08,6.1
F_Stunde_W_b_WasepSNeu_Norm,WASEPSemNeuStunde,female,angry,0,1.2249,1.2249,0.62,55.5,76.3,186.1,484.8,330.3,99.32,0.002199657,1.375568632,26.1,4.17,4.96
F_Stunde_s_WasepSNeu_Norm,WASEPSemNeuStunde,female,neutral,0,0.8512,0.8512,0.467,65.3,75.3,116.7,240.8,203.9,40.66,0.00151548,0.935034987,28.06,5.13,8.75
M_Bereich_A_b_WasepSNeu_Norm,WASEPSemNeuBereich,male,fear,0,0.7694,0.7694,0.041,67.3,76.4,131.6,233.3,193.4,29.34,0.001803097,0.773438758,19.87,7.04,4.54
M_Bereich_E_b_WasepSNeu_Norm,WASEPSemNeuBereich,male,disgust,0,1.965,1.965,0.638,66.9,79.7,75.9,148.6,103.4,20.68,0.003151952,1.182713089,36.76,5.19,5.28
M_Bereich_F_WasepSNeu_Norm,WASEPSemNeuBereich,male,happy,0,0.9723,0.9723,0.057,56.5,75.1,75.3,109.0,90.9,8.56,0.004491849,1.195451566,34.13,4.98,3.23
M_Bereich_T_b_WasepSNeu_Norm,WASEPSemNeuBereich,male,sad,0,0.8918,0.8918,0.073,58.4,75.2,75.2,519.4,300.2,201.25,0.002718739,1.878304081,31.59,8.82,2.64
M_Bereich_W_WasepSNeu_Norm,WASEPSemNeuBereich,male,angry,0,0.6879,0.6879,0.308,62.9,75.9,105.2,171.4,136.6,22.92,0.00447928,1.034940127,25.74,0.79,2.35
M_Bereich_s_WasepSNeu_Norm,WASEPSemNeuBereich,male,neutral,0,0.7227,0.7227,0.364,59.5,75.7,95.3,155.2,122.0,18.05,0.003542348,1.294023288,31.82,0.56,1.87
M_Bericht_A_b_WasepSNeu_Norm,WASEPSemNeuBericht,male,fear,0,0.7779,0.7779,0.033,55.1,78.4,151.2,188.9,171.3,11.14,0.001313716,1.100323529,39.32,6.52,6.53
M_Bericht_E_b_WasepSNeu_Norm,WASEPSemNeuBericht,male,disgust,0,1.472,1.472,0.641,65.9,78.5,100.4,557.7,195.7,103.89,0.002698998,1.082121959,35.96,0.79,2.88
M_Bericht_F_WasepSNeu_Norm,WASEPSemNeuBericht,male,happy,0,0.7735,0.7735,0.089,53.0,76.5,119.8,170.8,140.7,15.24,0.002492508,1.032891522,11.71,7.08,2.13
M_Bericht_T_c_WasepSNeu_Norm,WASEPSemNeuBericht,male,sad,0,0.6687,0.6687,0.091,59.4,74.3,76.8,492.8,243.8,225.77,0.000294625,3.94925983,32.7,0.04,4.95
M_Bericht_W_b_WasepSNeu_Norm,WASEPSemNeuBericht,male,angry,0,0.9959,0.9959,0.466,60.3,76.9,89.2,134.4,105.2,16.45,0.005462782,0.972898358,28.11,-0.6,2.03
M_Bericht_s_WasepSNeu_Norm,WASEPSemNeuBericht,male,neutral,0,0.5954,0.5954,0.212,56.9,77.3,103.1,164.1,129.3,19.45,0.004490149,1.523128275,28.72,2.25,3.0
M_Betrieb_A_WasepSNeu_Norm,WASEPSemNeuBetrieb,male,fear,0,0.6617,0.6617,0.052,61.8,75.5,134.5,187.2,168.8,15.03,0.00180262,1.365874893,34.23,8.96,6.03
M_Betrieb_E_c_WasepSNeu_Norm,WASEPSemNeuBetrieb,male,disgust,0,1.3642,1.3642,0.483,63.4,76.0,86.8,208.6,150.0,40.37,0.002451672,0.796468511,25.67,7.54,5.37
M_Betrieb_F_d_WasepSNeu_Norm,WASEPSemNeuBetrieb,male,happy,0,1.0797,1.0797,0.5,58.7,77.4,131.2,228.2,190.4,29.17,0.001650997,0.722468582,31.1,7.83,4.14
M_Betrieb_T_b_WasepSNeu_Norm,WASEPSemNeuBetrieb,male,sad,0,0.6356,0.6356,0.043,59.6,75.3,76.5,94.7,84.8,7.91,0.017645348,1.233247039,38.96,3.72,4.41
M_Betrieb_W_WasepSNeu_Norm,WASEPSemNeuBetrieb,male,angry,0,0.9099,0.9099,0.086,55.0,77.6,117.9,210.2,172.8,22.64,0.002690934,1.476890015,27.32,0.39,2.6
M_Betrieb_s_WasepSNeu_Norm,WASEPSemNeuBetrieb,male,neutral,0,0.5663,0.5663,0.242,53.9,76.6,75.9,154.4,132.6,22.2,0.00337691,1.011467935,29.24,3.57,3.38
M_Lage_A_WasepSNeu_Norm,WASEPSemNeuLage,male,fear,0,0.6528,0.6528,0.502,69.7,76.1,75.3,147.8,122.0,16.44,0.004699368,1.223557171,16.13,8.61,3.47
M_Lage_E_WasepSNeu_Norm,WASEPSemNeuLage,male,disgust,0,1.5754,1.5754,0.601,61.1,75.6,75.3,529.5,132.7,122.5,0.002191074,0.865333416,9.42,1.44,3.03
M_Lage_F_WasepSNeu_Norm,WASEPSemNeuLage,male,happy,0,0.7913,0.7913,0.152,65.1,75.0,76.2,449.2,174.6,102.05,0.004411188,1.393648444,30.48,3.66,3.82
M_Lage_T_c_WasepSNeu_Norm,WASEPSemNeuLage,male,sad,0,0.7111,0.7111,0.23,66.0,74.7,77.8,93.7,83.5,6.23,0.005437755,1.094187861,34.56,3.73,4.43
M_Lage_W_b_WasepSNeu_Norm,WASEPSemNeuLage,male,angry,0,1.0535,1.0535,0.848,70.0,78.1,114.4,199.7,172.6,23.21,0.001138558,0.693495189,30.29,7.64,5.99
M_Lage_s_WasepSNeu_Norm,WASEPSemNeuLage,male,neutral,0,0.5694,0.5694,0.198,67.3,75.1,75.1,114.5,100.7,10.85,0.004451365,1.258508327,30.51,2.96,2.88
M_Menge_A_b_WasepSNeu_Norm,WASEPSemNeuMenge,male,fear,0,0.6502,0.6502,0.448,72.5,77.4,129.4,204.9,183.5,19.74,0.000726392,0.607985537,24.5,15.28,5.66
M_Menge_E_c_WasepSNeu_Norm,WASEPSemNeuMenge,male,disgust,0,1.3873,1.3873,0.442,61.4,75.0,88.0,597.5,114.3,82.41,0.00358967,1.516820373,17.71,6.73,5.33
M_Menge_F_WasepSNeu_Norm,WASEPSemNeuMenge,male,happy,0,0.7495,0.7495,0.168,60.7,76.1,75.9,202.0,139.5,40.57,0.001650959,1.135146645,26.07,6.96,3.95
M_Menge_T_b_WasepSNeu_Norm,WASEPSemNeuMenge,male,sad,0,0.6259,0.6259,0.206,66.5,74.3,75.2,89.5,78.9,5.51,0.009046842,1.206333385,23.69,1.55,11.77
M_Menge_W_WasepSNeu_Norm,WASEPSemNeuMenge,male,angry,0,0.6534,0.6534,0.232,58.0,76.6,99.4,197.4,155.1,31.36,0.001661263,1.143776966,33.12,1.42,2.34
M_Menge_s_WasepSNeu_Norm,WASEPSemNeuMenge,male,neutral,0,0.5555,0.5555,0.232,66.1,75.3,81.7,150.5,126.0,22.04,0.00198548,1.142564977,25.82,7.01,4.95
M_Mitglied_A_b_WasepSNeu_Norm,WASEPSemNeuMitglied,male,fear,0,0.8531,0.8531,0.516,58.8,76.0,181.7,250.0,224.5,22.14,0.000495734,0.775198919,31.92,11.14,7.74
M_Mitglied_E_b_WasepSNeu_Norm,WASEPSemNeuMitglied,male,disgust,0,1.6608,1.6608,0.436,56.6,76.6,75.3,204.3,130.0,40.55,0.002207169,0.80850685,17.82,8.13,4.29
M_Mitglied_F_b_WasepSNeu_Norm,WASEPSemNeuMitglied,male,happy,0,1.0174,1.0174,0.605,57.8,76.2,95.9,319.8,213.2,72.25,0.001730424,0.684059772,31.72,5.93,3.3
M_Mitglied_T_c_WasepSNeu_Norm,WASEPSemNeuMitglied,male,sad,0,0.9315,0.9315,0.12,57.4,75.5,552.3,556.3,554.3,2.79,9.56e-05,1.705049418,40.67,9.43,5.56
M_Mitglied_W_WasepSNeu_Norm,WASEPSemNeuMitglied,male,angry,0,1.1046,1.1046,0.221,58.4,76.1,84.3,176.1,141.1,22.9,0.003938438,1.350962052,32.84,3.59,3.15
M_Mitglied_s_WasepSNeu_Norm,WASEPSemNeuMitglied,male,neutral,0,0.7521,0.7521,0.158,55.2,77.2,79.9,467.5,152.4,100.89,0.002663852,1.37454573,34.8,6.1,1.57
M_Mittel_A_b_WasepSNeu_Norm,WASEPSemNeuMittel,male,fear,0,0.4882,0.4882,0.137,66.4,75.4,94.0,208.9,161.9,35.33,0.002227696,0.760215778,36.07,11.62,6.5
M_Mittel_E_c_WasepSNeu_Norm,WASEPSemNeuMittel,male,disgust,0,1.2423,1.2423,0.455,61.3,75.4,77.1,455.3,134.0,118.22,0.002605146,1.077543787,26.81,10.67,9.73
M_Mittel_F_b_WasepSNeu_Norm,WASEPSemNeuMittel,male,happy,0,0.6234,0.6234,0.379,61.5,75.8,76.8,260.9,190.1,66.54,0.002992143,0.681413172,26.4,7.37,8.52
M_Mittel_T_c_WasepSNeu_Norm,WASEPSemNeuMittel,male,sad,0,0.5083,0.5083,0.116,64.2,74.3,77.3,108.3,89.7,9.78,0.006864713,0.929313787,40.54,5.16,4.55
M_Mittel_W_WasepSNeu_Norm,WASEPSemNeuMittel,male,angry,0,0.7198,0.7198,0.256,56.8,76.2,75.8,383.1,147.1,61.19,0.002241839,1.013886321,32.67,1.89,4.11
M_Mittel_s_WasepSNeu_Norm,WASEPSemNeuMittel,male,neutral,0,0.459,0.459,0.135,64.3,76.5,79.0,198.7,133.2,37.08,0.004062803,1.581947425,29.53,3.65,1.93
M_Reihe_A_b_WasepSNeu_Norm,WASEPSemNeuReihe,male,fear,0,0.8207,0.8207,0.58,61.6,75.4,82.5,209.2,155.6,40.9,0.002422135,0.787141137,37.99,8.6,4.8
M_Reihe_E_b_WasepSNeu_Norm,WASEPSemNeuReihe,male,disgust,0,1.1616,1.1616,0.638,64.2,75.3,75.2,562.5,148.2,72.66,0.003633758,0.969460431,8.94,2.11,3.15
M_Reihe_F_b_WasepSNeu_Norm,WASEPSemNeuReihe,male,happy,0,0.7038,0.7038,0.273,60.6,75.7,75.6,211.0,136.1,49.05,0.002644246,0.847573118,25.63,2.64,1.87
M_Reihe_T_b_WasepSNeu_Norm,WASEPSemNeuReihe,male,sad,0,0.8709,0.8709,0.362,63.5,75.8,77.7,596.7,454.6,216.14,0.000592178,1.668661509,39.28,4.71,5.66
M_Reihe_W_WasepSNeu_Norm,WASEPSemNeuReihe,male,angry,0,0.619,0.619,0.269,65.3,78.2,91.4,201.3,150.5,33.7,0.003446837,1.034751027,23.35,1.33,3.77
M_Reihe_s_WasepSNeu_Norm,WASEPSemNeuReihe,male,neutral,0,0.6879,0.6879,0.294,69.9,78.1,77.2,167.0,119.8,25.35,0.00432532,1.034766867,25.76,0.53,1.88
M_Sache_A_e_WasepSNeu_Norm,WASEPSemNeuSache,male,fear,0,1.2472,1.2472,0.561,52.2,78.4,153.2,248.5,211.8,26.15,0.001002071,1.277971258,36.73,5.23,2.63
M_Sache_E_c_WasepSNeu_Norm,WASEPSemNeuSache,male,disgust,0,1.2074,1.2074,0.465,65.2,77.9,77.2,513.3,277.9,212.08,0.008038947,1.627356759,29.66,1.33,2.17
M_Sache_F_b_WasepSNeu_Norm,WASEPSemNeuSache,male,happy,0,0.9487,0.9487,0.302,64.2,76.6,79.1,224.7,138.8,42.65,0.00322758,1.204242438,26.5,3.53,3.36
M_Sache_T_c_WasepSNeu_Norm,WASEPSemNeuSache,male,sad,0,0.8059,0.8059,0.291,58.6,75.2,74.9,566.9,245.3,231.52,0.004355598,1.624125116,30.22,4.81,3.97
M_Sache_W_WasepSNeu_Norm,WASEPSemNeuSache,male,angry,0,0.8057,0.8057,0.267,57.1,76.7,133.8,168.2,144.2,12.23,0.00240879,0.571541607,28.16,4.82,4.97
M_Sache_s_WasepSNeu_Norm,WASEPSemNeuSache,male,neutral,0,0.5957,0.5957,0.235,62.7,76.2,85.6,507.8,248.1,188.97,0.002842439,1.624551178,38.63,3.78,3.58
M_Stunde_A_e_WasepSNeu_Norm,WASEPSemNeuStunde,male,fear,0,1.0673,1.0673,0.868,53.3,77.7,141.1,249.9,203.1,28.6,0.001144947,0.83944408,30.13,14.5,6.45
M_Stunde_E_c_WasepSNeu_Norm,WASEPSemNeuStunde,male,disgust,0,2.1495,2.1495,1.142,43.7,79.1,78.2,511.6,165.4,121.59,0.00306583,1.282013398,41.24,9.36,7.01
M_Stunde_F_b_WasepSNeu_Norm,WASEPSemNeuStunde,male,happy,0,1.0856,1.0856,0.492,61.3,78.0,75.6,499.1,206.0,89.88,0.002351782,0.790208887,30.45,5.58,7.04
M_Stunde_T_b_WasepSNeu_Norm,WASEPSemNeuStunde,male,sad,0,0.8712,0.8712,0.423,61.6,75.1,78.5,422.9,104.6,73.09,0.003533939,2.007026646,40.08,5.04,7.58
M_Stunde_W_WasepSNeu_Norm,WASEPSemNeuStunde,male,angry,0,0.9841,0.9841,0.532,57.4,77.4,74.0,502.6,182.9,122.44,0.006247744,1.446971798,25.72,2.3,3.6
M_Stunde_s_WasepSNeu_Norm,WASEPSemNeuStunde,male,neutral,0,0.6462,0.6462,0.266,63.4,77.0,75.9,530.6,185.3,146.03,0.002702674,1.119296453,34.7,5.64,3.59
